source_id,domain,source_title,section_id,section_title,parent_section,unit_type,structural_locator,chunk_count,token_count,sample_text,parser_warning_count,ocr_noise_score,unusually_high_chunk_count,missing_heading,generic_heading,ocr_heavy,front_matter,index_section,references_section,appendix_section,repeated_header_or_footer,empty_heading,large_unstructured_section,verse_range_rule_candidate,proposed_structure_action,manual_scope_decision,manual_relevant_concepts,manual_structure_action,manual_review_notes
advaita_paramananda_1917_vedanta_in_practice,advaita,"Vedanta in Practice, Third Edition",advaita_paramananda_1917_vedanta_in_practice:section:02a654c41f0b8292bc2934e2,,,commentary,,11,2254,"mu6t always bear in mind the pur- pose of all spiritual practice: — ^that is, to open a channel within us by which we may feel the presence of God and see what is now invisible to us. The channel is opened when we are able to drop the consciousness of the little “I” and free our mind from impurities or from its at- tachment to material things only. So the whole object of our practice is to make u…",0,0.000182,False,False,True,False,False,False,False,False,True,True,False,False,source_specific_preprocessing,,,,
advaita_paramananda_1917_vedanta_in_practice,advaita,"Vedanta in Practice, Third Edition",advaita_paramananda_1917_vedanta_in_practice:section:27f2bdf3ed78a022e25905af,,,commentary,,12,2414,"T^TISDOM is the goal of human exist- * * ence. Even men of the lowest intel- ligence want to know the secret of things ; because knowledge alone can bring peace and happiness to our souls. Ignorance is the main source of all misery and no one really enjoys being in that state. Why do we find so many ignorant, irresponsible people around us then, if all are eager for wisdom? Because, although the…",0,0.000167,False,False,True,False,False,False,False,False,True,True,False,False,source_specific_preprocessing,,,,
advaita_paramananda_1917_vedanta_in_practice,advaita,"Vedanta in Practice, Third Edition",advaita_paramananda_1917_vedanta_in_practice:section:2c84e09d92daa9dc33c9c4d2,,,commentary,,14,2846,"R ealization is the watchword of all religions. If there is a God, we must see Him; if there is a Supreme Self, we must realize It. Otherwise these theories about the existence of God and the Soul have very lijtle value. If we cannot put them on a practical basis and realize the truth of them, they remain for us but mere words. This realization is the only thing that can bring satisfac- tion to u…",0,0.0,False,False,True,False,False,False,False,False,True,True,False,False,source_specific_preprocessing,,,,
advaita_paramananda_1917_vedanta_in_practice,advaita,"Vedanta in Practice, Third Edition",advaita_paramananda_1917_vedanta_in_practice:section:369c16dae22347326819e317,,,commentary,,1,4,THIS LlTTLl BOOK IS,0,0.0,False,False,True,False,False,False,False,False,False,True,False,False,manual_section_review,,,,
advaita_paramananda_1917_vedanta_in_practice,advaita,"Vedanta in Practice, Third Edition",advaita_paramananda_1917_vedanta_in_practice:section:38e77338d1a8a62f6a4ad0b4,,,commentary,,4,676,"W HO is thy wife? Who is thy son? How curipus is this world! Who art thou thyself — and whence comest thou? Think on the truth of these things, O Brother. Worship the Lord. Worship the Lord. Worship the Lord, fool that thou art! Even from a son comes dread to the rich, is a common proverb. Take no pride in having riches, or youth, or family-retainers. Moha-M udgara 107 Time steals them all away i…",0,0.0,False,False,True,False,False,False,False,False,False,True,False,False,manual_section_review,,,,
advaita_paramananda_1917_vedanta_in_practice,advaita,"Vedanta in Practice, Third Edition",advaita_paramananda_1917_vedanta_in_practice:section:3e2f4f7ec870655668096a34,,,commentary,,2,355,"“N OR is that Self to be gained by one who is destitute of strength, or without earnestness, or without right meditation. But if a wise man strives after it by those means [by strength, earnestness, and right meditation], then his Self enters the home of Brahman.” “When they have reached Him [the Self], the sages become satisfied through knowledge; they are conscious of their Self, their passions…",0,0.0,False,False,True,False,False,False,False,False,False,True,False,False,manual_section_review,,,,
advaita_paramananda_1917_vedanta_in_practice,advaita,"Vedanta in Practice, Third Edition",advaita_paramananda_1917_vedanta_in_practice:section:445a41ba3ed1c2c4bba4dcc3,,,commentary,,1,252,"I AM neither body nor changes of the body; Nor am I senses or object of the senses. I am Existence Absolute, Knowledge Absolute, Bliss Absolute; I am He, 1 am He. (Shivo Hum, Shivo Hum.) I am neither sin nor virtue; nor temple, nor worship; Nor pilgrimage, nor books. I am Existence Absolute, Knowledge Absolute, Bliss Absolute; I am He, 1 am He. (Shivo Hum, Shivo Hum.) Shivo Hum 105 I have neither…",0,0.0,False,False,True,False,False,False,False,False,False,True,False,False,manual_section_review,,,,
advaita_paramananda_1917_vedanta_in_practice,advaita,"Vedanta in Practice, Third Edition",advaita_paramananda_1917_vedanta_in_practice:section:4c7cc9c7a9886a8dde6a4bf7,,,commentary,,17,3271,"VERYTHING in this world is tran- ^ sitory and fleeting. From the high- est manifestation of human life to the lowest worm all are destined to perish. No man was ever born jwho could stop his body from changing constantly. Body is the name of a series of changes. What remains, then, but character? Time swallows up everything except character; this is the only thing it cannot touch. If we look back…",0,0.000235,False,False,True,False,False,False,False,False,True,True,True,False,source_specific_preprocessing,,,,
advaita_paramananda_1917_vedanta_in_practice,advaita,"Vedanta in Practice, Third Edition",advaita_paramananda_1917_vedanta_in_practice:section:5b2742cd128a28ec435a0699,,,commentary,,1,1,OR,0,0.0,False,False,True,False,False,False,False,False,False,True,False,False,manual_section_review,,,,
advaita_paramananda_1917_vedanta_in_practice,advaita,"Vedanta in Practice, Third Edition",advaita_paramananda_1917_vedanta_in_practice:section:65ab865c3bbd9e1a9a9a9a5f,,,commentary,,5,956,"A ll that we are is the result of what we have thought: it is founded on our thoughts, it is made up of our thoughts. If a man speaks or acts with an evil thought, pain follows him, as the wheel follows the foot of the ox that draws the carriage. All that we are is the result of what we have thought: it is founded on our thoughts, it is made up of our thoughts. If a man speaks or acts with a pure…",0,0.0004,False,False,True,False,False,False,False,False,False,True,False,False,manual_section_review,,,,
advaita_paramananda_1917_vedanta_in_practice,advaita,"Vedanta in Practice, Third Edition",advaita_paramananda_1917_vedanta_in_practice:section:6a22eabf41041837644f6494,,,commentary,,1,252,"good is one thing, the pleas- ant another ; these two, having dif- ferent objects, chain a man. It is well with him who clings to the good ; he who chooses the pleasant, misses his end.” “The good and the pleasant approach man: the wise goes round about them and distinguishes them. Yea, the wise prefers the good to the pleasant, but the fool chooses the pleasant through greed and avarice.” “Thou,…",0,0.0,False,False,True,False,False,False,False,False,False,True,False,False,manual_section_review,,,,
advaita_paramananda_1917_vedanta_in_practice,advaita,"Vedanta in Practice, Third Edition",advaita_paramananda_1917_vedanta_in_practice:section:71a6597a821b71862da7163f,,,commentary,,1,4,Vedanta in Practice BY,0,0.0,False,False,True,False,False,False,False,False,False,True,False,False,manual_section_review,,,,
advaita_paramananda_1917_vedanta_in_practice,advaita,"Vedanta in Practice, Third Edition",advaita_paramananda_1917_vedanta_in_practice:section:71ecb3dc99c35b60666f1e5f,,,commentary,,1,260,"In giving religious instruction it is al- ways important to show how principles can be put into practice. People sometimes imagine that the principles are all and that when one has learnad them and can talk glibly about them, nothing further is necessary. This is as great a mistake as to suppose that looking at a well-spread table is all that is needed to satisfy hun- ger. Unless we not only eat…",0,0.002,False,False,True,False,False,False,False,False,False,True,False,False,manual_section_review,,,,
advaita_paramananda_1917_vedanta_in_practice,advaita,"Vedanta in Practice, Third Edition",advaita_paramananda_1917_vedanta_in_practice:section:85c036fe20560c88ca4a9424,,,commentary,,1,3,Page No.,0,0.0,False,False,True,False,False,False,False,False,False,True,False,False,manual_section_review,,,,
advaita_paramananda_1917_vedanta_in_practice,advaita,"Vedanta in Practice, Third Edition",advaita_paramananda_1917_vedanta_in_practice:section:a0291db266a06697de22ee49,,,commentary,,16,3080,"j ""^HRFE things are rare and only ob- tainable through the grace of the Supreme Being: human life, an earnest desire for liberation, and the helpful asso- ciation of the Holy.” So it is said by the great illumined Sage Sankara. Why should it be so.? Why should human life be considered so great? According to the conception of creation given in Vedanta, this human body is the greatest body in the u…",0,0.0,False,False,True,False,False,False,False,False,True,True,True,False,source_specific_preprocessing,,,,
advaita_paramananda_1917_vedanta_in_practice,advaita,"Vedanta in Practice, Third Edition",advaita_paramananda_1917_vedanta_in_practice:section:a35479a37487be43792ac50c,,,commentary,,1,34,"AUTHOR OF ""the PATH OP DEVOTION,"" ""the way of peace and blessedness,"" ""soul's secret door,"" ""reincarnation and immortality,"" BTC.",0,0.0,False,False,True,False,False,False,False,False,False,True,False,False,manual_section_review,,,,
advaita_paramananda_1917_vedanta_in_practice,advaita,"Vedanta in Practice, Third Edition",advaita_paramananda_1917_vedanta_in_practice:section:c9f0e2cd22494efcb38dadd2,,,commentary,,1,206,"“^J^WO birds, inseparable friends, cling to the same tree. One of them eats the sweet fruit, the other looks on without eating. “On the same tree naan sits grieving, immersed, bewildered by his own impo- tence. But when he sees the other Lord [Isa] contented, and knows his glory, then his grief passes away.” “When the Seer sees the brilliant Maker and Lord [of the world] as the Person who has His…",0,0.0,False,False,True,False,False,False,False,False,False,True,False,False,manual_section_review,,,,
advaita_paramananda_1917_vedanta_in_practice,advaita,"Vedanta in Practice, Third Edition",advaita_paramananda_1917_vedanta_in_practice:section:fb9118672d9d574cff036dd3,,,commentary,,1,14,"BOSTON, MASS., U. S. A. 1917 1917 BT",0,0.0,False,False,True,False,False,False,False,False,False,True,False,False,manual_section_review,,,,
advaita_paramananda_1919_upanishads,advaita,The Upanishads,advaita_paramananda_1919_upanishads:section:071dea0f6ef6375ab19129eb,,,root_text,,1,19,The Brahman perceived this and appeared before them. They did not know what mysterious form it was.,0,0.0,False,False,True,False,False,False,False,False,False,True,False,False,manual_section_review,,,,
advaita_paramananda_1919_upanishads,advaita,The Upanishads,advaita_paramananda_1919_upanishads:section:0d9ef650299c4dc818aaa1a3,,,root_text,,1,30,O Nachiketas after wise reflection thou hast renounced the pleasant and all pleasing forms. Thou hast not accepted this garland of great value for which many mortals perish.,0,0.0,False,False,True,False,False,False,False,False,False,True,False,False,manual_section_review,,,,
advaita_paramananda_1919_upanishads,advaita,The Upanishads,advaita_paramananda_1919_upanishads:section:0e31a660dd1d82875545a706,,,root_text,,1,28,"When this Atman, which is seated in the body, goes out (from the body), what remains then? This verily is That.",0,0.0,False,False,True,False,False,False,False,False,False,True,False,False,manual_section_review,,,,
advaita_paramananda_1919_upanishads,advaita,The Upanishads,advaita_paramananda_1919_upanishads:section:0e434d23c5b621b90312d5e7,,,root_text,,1,33,"Know the Atman (Self) as the lord of the chariot, and the body as the chariot. Know also the intellect to be the driver and mind the reins.",0,0.0,False,False,True,False,False,False,False,False,False,True,False,False,manual_section_review,,,,
advaita_paramananda_1919_upanishads,advaita,The Upanishads,advaita_paramananda_1919_upanishads:section:0e54d2474b3fac363c7b8f37,,,root_text,,1,122,"The man who has a discriminative intellect for the driver, and a controlled mind for the reins, reaches the end of the journey, the highest place of Vishnu (the All-pervading and Unchangeable One). A driver must possess first a thorough knowledge of the road; next he must understand how to handle the reins and control his horses. Then will he drive safely to his destination. Similarly in this jou…",0,0.0,False,False,True,False,False,False,False,False,False,True,False,False,manual_section_review,,,,
advaita_paramananda_1919_upanishads,advaita,The Upanishads,advaita_paramananda_1919_upanishads:section:0eea4544ae94a20f110e2d97,,,root_text,,1,23,This Word is indeed Brahman. This Word is indeed the Supreme. He who knows this Word obtains whatever he desires.,0,0.0,False,False,True,False,False,False,False,False,False,True,False,False,manual_section_review,,,,
advaita_paramananda_1919_upanishads,advaita,The Upanishads,advaita_paramananda_1919_upanishads:section:0f754c2b2fa12091b627a72f,,,root_text,,1,38,"He ran towards it and He (Brahman) said to him: ""Who art thou?"" ""I am Agni, I am Jataveda,"" he (the Fire-god) replied.",0,0.0,False,False,True,False,False,False,False,False,False,True,False,False,manual_section_review,,,,
advaita_paramananda_1919_upanishads,advaita,The Upanishads,advaita_paramananda_1919_upanishads:section:10f788a57223c962dd86c683,,,root_text,,1,177,"O Dearest, this Atman cannot be attained by argument; It is truly known only when taught by another (a wise teacher). O Nachiketas, thou hast attained It. Thou art fixed in Truth. May we ever, find a questioner like thee. Knowledge of the Atman or Self cannot be attained when it is taught by those who themselves lack in real understanding of It; and who therefore, having no definite conviction of…",0,0.0,False,False,True,False,False,False,False,False,False,True,False,False,manual_section_review,,,,
advaita_paramananda_1919_upanishads,advaita,The Upanishads,advaita_paramananda_1919_upanishads:section:1387dd2a3cefa9c6c800f2db,,,root_text,,1,93,"That Purusha, of the size of a thumb, is like a light without smoke, lord of the past and the future. He is the same today and tomorrow. This verily is That. In this verse the teacher defines the effulgent nature of the Soul, whose light is pure like a flame without smoke. He also answers the question put by Nachiketas as to what happens after death, by declaring that no real change takes place,…",0,0.0,False,False,True,False,False,False,False,False,False,True,False,False,manual_section_review,,,,
advaita_paramananda_1919_upanishads,advaita,The Upanishads,advaita_paramananda_1919_upanishads:section:14861fe18699ee487d8cef91,,,root_text,,1,137,"The Self-existent created the senses out-going; for this reason man sees the external, but not the inner Atman (Self). Some wise man, however, desiring immortality, with eyes turned away (from the external) sees the Atman within. In the last chapter the Ruler of Death instructed Nachiketas regarding the nature and glory of the Self. Now he shows the reason why the Self is not seen by the majority…",0,0.0,False,False,True,False,False,False,False,False,False,True,False,False,manual_section_review,,,,
advaita_paramananda_1919_upanishads,advaita,The Upanishads,advaita_paramananda_1919_upanishads:section:14e2465cf8b32197d1d73e14,,,root_text,,1,32,"That which speech does not illumine, but which illumines speech: know that alone to be the Brahman (the Supreme Being), not this which people worship here.",0,0.0,False,False,True,False,False,False,False,False,False,True,False,False,manual_section_review,,,,
advaita_paramananda_1919_upanishads,advaita,The Upanishads,advaita_paramananda_1919_upanishads:section:165cbb6b6de457fd15390f6b,,,root_text,,1,46,"This Self is never born, nor does It die. It did not spring from anything, nor did anything spring from It. This Ancient One is unborn, eternal, everlasting. It is not slain even though the body is slain.",0,0.0,False,False,True,False,False,False,False,False,False,True,False,False,manual_section_review,,,,
advaita_paramananda_1919_upanishads,advaita,The Upanishads,advaita_paramananda_1919_upanishads:section:170a90048de2a596642c2ad1,,,root_text,,1,105,"Peace Chant May my limbs, speech, Prana (life-force), sight, hearing, strength and all my senses, gain in vigor. All is the Brahman (Supreme Lord) of the Upanishads. May I never deny the Brahman. May the Brahman never deny me. May there be no denial of the Brahman. May there be no separation from the Brahman. May all the virtues declared in the sacred Upanishads be manifest in me, who am devoted…",0,0.0,False,False,True,False,False,False,False,False,False,True,False,False,manual_section_review,,,,
advaita_paramananda_1919_upanishads,advaita,The Upanishads,advaita_paramananda_1919_upanishads:section:18daf76cbf45fcd224c13838,,,root_text,,1,262,"The senses are called the horses; the sense objects are the roads; when the Atman is united with body, senses and mind, then the wise call Him the enjoyer. In the third chapter Yama defines what part of our being dies and what part is deathless, what is mortal and what is immortal. But the Atman, the Higher Self, is so entirely beyond human conception that it is impossible to give a direct defini…",0,0.0,False,False,True,False,False,False,False,False,False,True,False,False,manual_section_review,,,,
advaita_paramananda_1919_upanishads,advaita,The Upanishads,advaita_paramananda_1919_upanishads:section:18f8e54e6b83ca4034190293,,,root_text,,1,47,"As fire, though one, having entered the world, becomes various according to what it burns, so does the Atman (Self) within all living beings, though one, become various according to what it enters. It also exists outside.",0,0.0,False,False,True,False,False,False,False,False,False,True,False,False,manual_section_review,,,,
advaita_paramananda_1919_upanishads,advaita,The Upanishads,advaita_paramananda_1919_upanishads:section:19cf9a52dd4f0e87cc921ef1,,,root_text,,1,201,"O Pushan! O Sun, sole traveller of the heavens, controller of all, son of Prajapati, withdraw Thy rays and gather up Thy burning effulgence. Now through Thy Grace I behold Thy blessed and glorious form. The Purusha (Effulgent Being) who dwells within Thee, I am He. Here the sun, who is the giver of all light, is used as the symbol of the Infinite, giver of all wisdom. The seeker after Truth prays…",0,0.0,False,False,True,False,False,False,False,False,False,True,False,False,manual_section_review,,,,
advaita_paramananda_1919_upanishads,advaita,The Upanishads,advaita_paramananda_1919_upanishads:section:1ee63e3a3e6804a2ac41907a,,,root_text,,1,106,"He is the sun dwelling in the bright heaven; He is the air dwelling in space; He is the fire burning on the altar; He is the guest dwelling in the house. He dwells in man. He dwells in those greater than man. He dwells in sacrifice. He dwells in the ether. He is (all that is) born in water, (all that) is born in earth, (all that) is born in sacrifice, (all that) is born on mountains. He is the Tr…",0,0.0,False,False,True,False,False,False,False,False,False,True,False,False,manual_section_review,,,,
advaita_paramananda_1919_upanishads,advaita,The Upanishads,advaita_paramananda_1919_upanishads:section:1f068a07c0557ca46aba08f8,,,root_text,,1,33,"Whatever there is in the universe is evolved from Prana and vibrates in Prana. That is a mighty terror, like an upraised thunderbolt. They who know That become immortal.",0,0.0,False,False,True,False,False,False,False,False,False,True,False,False,manual_section_review,,,,
advaita_paramananda_1919_upanishads,advaita,The Upanishads,advaita_paramananda_1919_upanishads:section:1f26166a61def55d99931311,,,root_text,,1,30,"They said to Fire: ""O Jataveda (All-knowing)! Find out what mysterious spirit this is."" He said: ""Yes.""",0,0.0,False,False,True,False,False,False,False,False,False,True,False,False,manual_section_review,,,,
advaita_paramananda_1919_upanishads,advaita,The Upanishads,advaita_paramananda_1919_upanishads:section:20600076eda0274b6a9c0cc3,,,root_text,,1,35,"What is here (in the visible world), that is there (in the invisible); he who sees difference (between visible and invisible) goes from death to death.",0,0.0,False,False,True,False,False,False,False,False,False,True,False,False,manual_section_review,,,,
advaita_paramananda_1919_upanishads,advaita,The Upanishads,advaita_paramananda_1919_upanishads:section:22ef23bc58b8c55601454ccd,,,root_text,,1,153,"That One, though motionless, is swifter than the mind. The senses can never overtake It, for It ever goes before. Though immovable, It travels faster than those who run. By It the all-pervading air sustains all living beings. This verse explains the character of the Atman or Self. A finite object can be taken from one place and put in another, but it can only occupy one space at a time. The Atman…",0,0.0,False,False,True,False,False,False,False,False,False,True,False,False,manual_section_review,,,,
advaita_paramananda_1919_upanishads,advaita,The Upanishads,advaita_paramananda_1919_upanishads:section:240ba340368560e14211f39c,,,root_text,,1,34,"No mortal lives by the in-coming breath (Prana) or by the out-going breath (Apana), but he lives by another on which these two depend.",0,0.0,False,False,True,False,False,False,False,False,False,True,False,False,manual_section_review,,,,
advaita_paramananda_1919_upanishads,advaita,The Upanishads,advaita_paramananda_1919_upanishads:section:249a5b54b65908b99231a98d,,,root_text,,1,40,"Then they said to Indra: ""O Maghavan (Worshipful One)! Find out what this mystery is."" He said: ""Yes""; and ran towards it, but it disappeared before him.",0,0.0,False,False,True,False,False,False,False,False,False,True,False,False,manual_section_review,,,,
advaita_paramananda_1919_upanishads,advaita,The Upanishads,advaita_paramananda_1919_upanishads:section:271c504064cf3daae295a5b7,,,root_text,,1,95,"Thus the teaching of Brahman is here illustrated in regard to the Devas. He dashed like lightning, and appeared and disappeared just as the eye winks. The teaching as regards the Devas was that Brahman is the only Doer. He had appeared before them in a mysterious form; but the whole of the unfathomable Brahman could not be seen in any definite form; so at the moment of vanishing, He manifested mo…",0,0.0,False,False,True,False,False,False,False,False,False,True,False,False,manual_section_review,,,,
advaita_paramananda_1919_upanishads,advaita,The Upanishads,advaita_paramananda_1919_upanishads:section:27c3de5301dedc8853c390aa,,,root_text,,1,239,"He who knows at the same time both the Unmanifested (the cause of manifestation) and the destructible or manifested, he crosses over death through knowledge of the destructible and attains immortality through knowledge of the First Cause (Unmanifested). This particular Upanishad deals chiefly with the Invisible Cause and the visible manifestation, and the whole trend of its teaching is to show th…",0,0.0,False,False,True,False,False,False,False,False,False,True,False,False,manual_section_review,,,,
advaita_paramananda_1919_upanishads,advaita,The Upanishads,advaita_paramananda_1919_upanishads:section:28498dcf60534beba183f978,,,root_text,,1,257,"O Nachiketas, this is thy fire that leads to heaven, which thou hast chosen as thy second boon. People will call this fire after thy name. Ask the third boon, Nachiketas. Fire is regarded as ""the foundation of all the worlds,"" because it is the revealer of creation. If there were no fire or light, no manifested form would be visible. We read in the Semitic Scriptures, ""In the beginning the Lord s…",0,0.0,False,False,True,False,False,False,False,False,False,True,False,False,manual_section_review,,,,
advaita_paramananda_1919_upanishads,advaita,The Upanishads,advaita_paramananda_1919_upanishads:section:28c7906171abd9e8cef56296,,,root_text,,1,109,"Look back to those who lived before and look to those who live now. Like grain the mortal decays and like grain again springs up (is reborn). All things perish, Truth alone remains. Why then fear to sacrifice me also; Thus Nachiketas convinced his father that he should remain true to his word and send him to Yama, the Ruler of Death. Then Nachiketas went to the abode of Death, but Yama was absent…",0,0.0,False,False,True,False,False,False,False,False,False,True,False,False,manual_section_review,,,,
advaita_paramananda_1919_upanishads,advaita,The Upanishads,advaita_paramananda_1919_upanishads:section:2a49eee8201ed5bac98dbf58,,,root_text,,1,33,"That which cannot be heard by the ear, but by which the ear is able to hear: know that alone to be Brahman, not this which people worship here.",0,0.0,False,False,True,False,False,False,False,False,False,True,False,False,manual_section_review,,,,
advaita_paramananda_1919_upanishads,advaita,The Upanishads,advaita_paramananda_1919_upanishads:section:2a63d57b455f9e8bc0445a10,,,root_text,,1,110,"When the five organs of perception become still, together with the mind, and the intellect ceases to be active: that is called the highest state. The teacher now shows Nachiketas the process by which the transcendental vision can be attained. he out-going senses,—seeing, hearing, smelling, touching, tasting; the restless mind and the intellect: all must be indrawn and quieted. The state of equili…",0,0.0,False,False,True,False,False,False,False,False,False,True,False,False,manual_section_review,,,,
advaita_paramananda_1919_upanishads,advaita,The Upanishads,advaita_paramananda_1919_upanishads:section:2ae989822742de04489010e6,,,root_text,,1,19,"When all desires dwelling in the heart cease, then the mortal becomes immortal and attains Brahman here.",0,0.0,False,False,True,False,False,False,False,False,False,True,False,False,manual_section_review,,,,
advaita_paramananda_1919_upanishads,advaita,The Upanishads,advaita_paramananda_1919_upanishads:section:2b6e5e6de4f06222285f8820,,,root_text,,1,42,"He who knows the three-fold Nachiketa fire and performs the Nachiketa fire-sacrifice with three-fold knowledge, having cast off the fetters of death and being beyond grief, he rejoices in the realm of heaven.",0,0.0,False,False,True,False,False,False,False,False,False,True,False,False,manual_section_review,,,,
advaita_paramananda_1919_upanishads,advaita,The Upanishads,advaita_paramananda_1919_upanishads:section:2f451941d0b649ff573910ab,,,root_text,,1,106,"It moves and It moves not. It is far and also It is near. It is within and also It is without all this. It is near to those who have the power to understand It, for It dwells in the heart of every one; but It seems far to those whose mind is covered by the clouds of sensuality and self-delusion. It is within, because It is the innermost Soul of all creatures; and It is without as the essence of t…",0,0.0,False,False,True,False,False,False,False,False,False,True,False,False,manual_section_review,,,,
advaita_paramananda_1919_upanishads,advaita,The Upanishads,advaita_paramananda_1919_upanishads:section:3074853f2f9df6562f60a6f2,,,root_text,,1,170,"This Self cannot be attained by study of the Scriptures, nor by intellectual perception, nor by frequent hearing (of It); He whom the Self chooses, by him alone is It attained. To him the Self reveals Its true nature. We may imagine that by much study we can find out God; but merely hearing about a thing and gaining an intellectual comprehension of it does not mean attaining true knowledge of it.…",0,0.0,False,False,True,False,False,False,False,False,False,True,False,False,manual_section_review,,,,
advaita_paramananda_1919_upanishads,advaita,The Upanishads,advaita_paramananda_1919_upanishads:section:313c47d8ea385cf02414aba9,,,root_text,,1,33,"Vahasrava, being desirous of heavenly rewards (at the Viswajit sacrifice), made a gift of all that he possessed. He had a son by the name of Nachiketas.",0,0.0,False,False,True,False,False,False,False,False,False,True,False,False,manual_section_review,,,,
advaita_paramananda_1919_upanishads,advaita,The Upanishads,advaita_paramananda_1919_upanishads:section:34e3f87a7776b9e35ec17da3,,,root_text,,1,145,"The Purusha, the inner Self, of the size of a thumb, is ever seated in the heart of all living beings. With perseverance man should draw Him out from his body as one draws the inner stalk from a blade of grass. One should know Him as pure and deathless, as pure and deathless. As has been explained in Part Fourth, verse XII, the inner Self, although unlimited, is described as ""the size of a thumb""…",0,0.0,False,False,True,False,False,False,False,False,False,True,False,False,manual_section_review,,,,
advaita_paramananda_1919_upanishads,advaita,The Upanishads,advaita_paramananda_1919_upanishads:section:34f89c175fea236eae2b2ba4,,,root_text,,1,49,"Yama replied: Through my will Auddalaki Aruni (thy father) will know thee, and be again towards thee as before. He will sleep in peace at night. He will be free from wrath when he sees thee released from the mouth of death.",0,0.0,False,False,True,False,False,False,False,False,False,True,False,False,manual_section_review,,,,
advaita_paramananda_1919_upanishads,advaita,The Upanishads,advaita_paramananda_1919_upanishads:section:35aa44c7b9928620d876e9d1,,,root_text,,1,120,"He who perceives all beings as the Self for him how can there be delusion or grief, when he sees this oneness (everywhere)? He who perceives the Self everywhere never shrinks from anything, because through his higher consciousness he feels united with all life. When a man sees God in all beings and all beings in God, and also God dwelling in his own Soul, how can he hate any living thing? Grief a…",0,0.0,False,False,True,False,False,False,False,False,False,True,False,False,manual_section_review,,,,
advaita_paramananda_1919_upanishads,advaita,The Upanishads,advaita_paramananda_1919_upanishads:section:3655eeebb24f49b98032cd93,,,root_text,,1,161,"This ancient Aswattha tree has its root above and branches below. That is pure, That is Brahman, That alone is called the Immortal. All the worlds rest in That. None goes beyond That. This verily is That. This verse indicates the origin of the tree of creation (the Samsara-Vriksha), which is rooted above in Brahman, the Supreme, and sends its branches downward into the phenomenal world. Heat and…",0,0.0,False,False,True,False,False,False,False,False,False,True,False,False,manual_section_review,,,,
advaita_paramananda_1919_upanishads,advaita,The Upanishads,advaita_paramananda_1919_upanishads:section:371f3065b00fa2f6894c15d6,,,root_text,,1,25,"He who is without discrimination and whose mind is always uncontrolled, his senses are unmanageable, like the vicious horses of a driver.",0,0.0,False,False,True,False,False,False,False,False,False,True,False,False,manual_section_review,,,,
advaita_paramananda_1919_upanishads,advaita,The Upanishads,advaita_paramananda_1919_upanishads:section:38b3bbeeb95f8ad1f1ec314e,,,root_text,,1,182,"The Self is subtler than the subtle, greater than the great; It dwells in the heart of each living being. He who is free from desire and free from grief, with mind and senses tranquil, beholds the glory of the Atman. Although this Atman dwells in the heart of every living being, yet It is not perceived by ordinary mortals because of Its subtlety. It cannot be perceived by the senses; a finer spir…",0,0.0,False,False,True,False,False,False,False,False,False,True,False,False,manual_section_review,,,,
advaita_paramananda_1919_upanishads,advaita,The Upanishads,advaita_paramananda_1919_upanishads:section:397b92a5802cb65874d86847,,,root_text,,1,120,"As air, though one, having entered the world, becomes various according to what it enters, so does the Atman within all living beings, though one, become various according to what it enters. It also exists outside. By using these similies of fire and air, the teacher tries to show Nachiketas the subtle quality of the great Self, who, although one and formless like air and fire, yet assumes differ…",0,0.0,False,False,True,False,False,False,False,False,False,True,False,False,manual_section_review,,,,
advaita_paramananda_1919_upanishads,advaita,The Upanishads,advaita_paramananda_1919_upanishads:section:3a13904990facb61ddd778d5,,,root_text,,1,295,"Yama replied: That goal which all the Vedas glorify, which all austerities proclaim, desiring which (people) practice Brahmacharya (a life of continence and service), that goal I tell thee briefly—it is Aum. What name can man give to God? How can the Infinite be bound by any finite word? All that language can express must be finite, since it is itself finite. Yet it is very difficult for mortals…",0,0.0,False,False,True,False,False,False,False,False,False,True,False,False,manual_section_review,,,,
advaita_paramananda_1919_upanishads,advaita,The Upanishads,advaita_paramananda_1919_upanishads:section:3c01b53557d0e2d80425ae50,,,root_text,,1,253,"After leaving their bodies, they who have killed the Self go to the worlds of the Asuras, covered with blinding ignorance. The idea of rising to bright regions as a reward for well-doers, and of falling into realms of darkness as a punishment for evil-doers is common to all great religions. But Vedanta claims that this condition of heaven and hell is only temporary; because our actions, being fin…",0,0.0,False,False,True,False,False,False,False,False,False,True,False,False,manual_section_review,,,,
advaita_paramananda_1919_upanishads,advaita,The Upanishads,advaita_paramananda_1919_upanishads:section:3c0228ddd38252390a3626d6,,,root_text,,1,63,"Nachiketas said: May Gautama, my father, be free from anxious thought (about me). May he lose all anger (towards me) and be pacified in heart. May he know and welcome me when I am sent back by thee. This, O Death, is the first of the three boons I choose.",0,0.0,False,False,True,False,False,False,False,False,False,True,False,False,manual_section_review,,,,
advaita_paramananda_1919_upanishads,advaita,The Upanishads,advaita_paramananda_1919_upanishads:section:3d456501ebaa9a7ed9469241,,,root_text,,1,118,"But he who is full of discrimination and whose mind is always controlled, his senses are manageable, like the good horses of a driver. The man whose intellect is not discriminative and who fails to distinguish right from wrong, the real from the unreal, is carried away by his sense passions and desires, just as a driver is carried away by vicious horses over which he has lost control. But he who…",0,0.0,False,False,True,False,False,False,False,False,False,True,False,False,manual_section_review,,,,
advaita_paramananda_1919_upanishads,advaita,The Upanishads,advaita_paramananda_1919_upanishads:section:434e6f36e42551a0d81c8561,,,root_text,,1,150,"The foolish man in whose house a Brahmana guest remains without food, all his hopes and expectations, all the merit gained by his association with the holy, by his good words and deeds, all his sons and cattle, are destroyed. According to the ancient Vedic ideal a guest is the representative of God and should be received with due reverence and honor. Especially is this the case with a Brahmana or…",0,0.0,False,False,True,False,False,False,False,False,False,True,False,False,manual_section_review,,,,
advaita_paramananda_1919_upanishads,advaita,The Upanishads,advaita_paramananda_1919_upanishads:section:44d3fa6022ee5c627b3c8fe9,,,root_text,,1,23,"When all the ties of the heart are cut asunder here, then the mortal becomes immortal. Such is the teaching.",0,0.0,False,False,True,False,False,False,False,False,False,True,False,False,manual_section_review,,,,
advaita_paramananda_1919_upanishads,advaita,The Upanishads,advaita_paramananda_1919_upanishads:section:4503281b0059c13514d8bc15,,,root_text,,1,189,"There the eye does not go, nor speech, nor mind. We do not know That; we do not understand how It can be taught. It is distinct from the known and also It is beyond the unknown. Thus we have heard from the ancient (teachers) who told us about It. These physical eyes are unable to perceive that subtle essence. Nor can it be expressed by finite language or known by finite intelligence, because it i…",0,0.0,False,False,True,False,False,False,False,False,False,True,False,False,manual_section_review,,,,
advaita_paramananda_1919_upanishads,advaita,The Upanishads,advaita_paramananda_1919_upanishads:section:46563790f7c7938e6e30b32d,,,root_text,,1,32,"O Death, that regarding which there is doubt, of the great Hereafter, tell us. Nachiketas asks for no other boon than that which penetrates this hidden secret.",0,0.0,False,False,True,False,False,False,False,False,False,True,False,False,manual_section_review,,,,
advaita_paramananda_1919_upanishads,advaita,The Upanishads,advaita_paramananda_1919_upanishads:section:482880be4454abe5dace4ced,,,root_text,,1,69,"He who performs this Nachiketa fire-sacrifice three times, being united with the three (mother, father and teacher), and who fulfills the three-fold duty (study of the Vedas, sacrifice and alms-giving) crosses over birth and death. Knowing this worshipful shining fire, born of Brahman, and realizing Him, he attains eternal peace.",0,0.0,False,False,True,False,False,False,False,False,False,True,False,False,manual_section_review,,,,
advaita_paramananda_1919_upanishads,advaita,The Upanishads,advaita_paramananda_1919_upanishads:section:489caf4b29bdc34d318b12ae,,,root_text,,1,31,"From whence the sun rises, and whither it goes at setting, upon That all the Devas depend. No one goes beyond That. This verily is That.",0,0.0,False,False,True,False,False,False,False,False,False,True,False,False,manual_section_review,,,,
advaita_paramananda_1919_upanishads,advaita,The Upanishads,advaita_paramananda_1919_upanishads:section:49315612206a994280519883,,,root_text,,1,124,"He who sees Him seated in the five elements, born of Tapas (fire of Brahman), born before water; who, having entered the cave of the heart, abides therein —this verily is That. This verse indicates that He, the Great Self, is the cause of all created objects. According to the Vedas, His first manifestation was Brahma, the Personal God or Creator, born of the fire of wisdom. He existed before the…",0,0.0,False,False,True,False,False,False,False,False,False,True,False,False,manual_section_review,,,,
advaita_paramananda_1919_upanishads,advaita,The Upanishads,advaita_paramananda_1919_upanishads:section:4a4c7c6bf5c3d34fbc02c4a0,,,root_text,,1,246,"It is the ear of the ear, the mind of the mind, the speech of the speech, the life of the life, the eye of the eye. The wise, freed (from the senses and from mortal desires), after leaving this world, become immortal. An ordinary man hears, sees, thinks, but he is satisfied to know only as much as can be known through the senses; he does not analyze and try to find that which stands behind the ea…",0,0.0,False,False,True,False,False,False,False,False,False,True,False,False,manual_section_review,,,,
advaita_paramananda_1919_upanishads,advaita,The Upanishads,advaita_paramananda_1919_upanishads:section:4a71e91942ce44680b934bd6,,,root_text,,1,35,"The disciple asked: O Master, teach me the Upanishad. (The teacher replied:) The Upanishad has been taught thee. We have certainly taught thee the Upanishad about Brahman.",0,0.0,False,False,True,False,False,False,False,False,False,True,False,False,manual_section_review,,,,
advaita_paramananda_1919_upanishads,advaita,The Upanishads,advaita_paramananda_1919_upanishads:section:4c7d08fe635d6155d140121e,,,root_text,,1,150,"Children (the ignorant) pursue external pleasures; (thus) they fall into the wide- spread snare of death. But the wise, knowing the nature of immortality, do not seek the permanent among fleeting things. Those who are devoid of discrimination and fail to distinguish between real and unreal, the fleeting and the permanent, set their hearts on the changeable things of this world; hence they entangl…",0,0.0,False,False,True,False,False,False,False,False,False,True,False,False,manual_section_review,,,,
advaita_paramananda_1919_upanishads,advaita,The Upanishads,advaita_paramananda_1919_upanishads:section:4cbd63ffb9489cb8a10b2e6a,,,root_text,,2,335,"The disciple said: I do not think I know It well, nor do I think that I do not know It. He among us who knows It truly, knows (what is meant by) ""I know"" and also what is meant by ""I know It not."" This appears to be contradictory, but it is not. In the previous chapter we learned that Brahman is ""distinct from the known"" and ""beyond the unknown."" The disciple, realizing this, says: ""So far as mor…",0,0.0,False,False,True,False,False,False,False,False,False,True,False,False,manual_section_review,,,,
advaita_paramananda_1919_upanishads,advaita,The Upanishads,advaita_paramananda_1919_upanishads:section:4e49821db210aee4681f30c3,,,root_text,,1,35,"The face of Truth is hidden by a golden disk. O Pushan (Effulgent Being)! Uncover (Thy face) that I, the worshipper of Truth, may behold Thee.",0,0.0,False,False,True,False,False,False,False,False,False,True,False,False,manual_section_review,,,,
advaita_paramananda_1919_upanishads,advaita,The Upanishads,advaita_paramananda_1919_upanishads:section:4f9b2a7752f8294d5342c69f,,,root_text,,1,268,"Wide apart are these two,—ignorance and what is known as wisdom, leading in opposite directions. I believe Nachiketas to be one who longs for wisdom, since many tempting objects have not turned thee aside. With this second part, the Ruler of Death begins his instructions regarding the great Hereafter. There are two paths,—one leading Godward, the other leading to worldly pleasure. He who follows…",0,0.0,False,False,True,False,False,False,False,False,False,True,False,False,manual_section_review,,,,
advaita_paramananda_1919_upanishads,advaita,The Upanishads,advaita_paramananda_1919_upanishads:section:5140d130f6c802a3ad4f8501,,,root_text,,1,28,"Then the Brahman said: ""What power is in thee?"" Vayu replied: ""I can blow away all whatsoever exists on earth.""",0,0.0,False,False,True,False,False,False,False,False,False,True,False,False,manual_section_review,,,,
advaita_paramananda_1919_upanishads,advaita,The Upanishads,advaita_paramananda_1919_upanishads:section:519eafd335067cc7b14dda19,,,root_text,,1,52,"Thus Nachiketas, having acquired this wisdom taught by the Ruler of Death, together with all the rules of Yoga, became free from impurity and death and attained Brahman (the Supreme). So also will it be with another who likewise knows the nature of the Self.",0,0.0,False,False,True,False,False,False,False,False,False,True,False,False,manual_section_review,,,,
advaita_paramananda_1919_upanishads,advaita,The Upanishads,advaita_paramananda_1919_upanishads:section:525a3aa8d407628e35722a1f,,,root_text,,1,36,"O Gautama (Nachiketas), as pure water poured into pure water becomes one, so also is it with the Self of an illumined Knower (he becomes one with the Supreme).",0,0.0,False,False,True,False,False,False,False,False,False,True,False,False,manual_section_review,,,,
advaita_paramananda_1919_upanishads,advaita,The Upanishads,advaita_paramananda_1919_upanishads:section:528c7fee27ea1ab4fc672e08,,,root_text,,1,26,"O Gautama (Nachiketas), I shall declare unto thee the secret of the eternal Brahman and what happens to the Self after death.",0,0.0,False,False,True,False,False,False,False,False,False,True,False,False,manual_section_review,,,,
advaita_paramananda_1919_upanishads,advaita,The Upanishads,advaita_paramananda_1919_upanishads:section:5388cce6c2994884d2d21d33,,,root_text,,1,136,"A wise man should control speech by mind, mind by intellect, intellect by the great Atman, and that by the Peaceful One (the Paramatman or Supreme Self). Here Yama gives the practical method to be followed if one wishes to realize the Supreme. The word ""speech"" stands for all the senses. First, therefore, a man must control his outgoing senses by the mind. Then the mind must be brought under the…",0,0.0,False,False,True,False,False,False,False,False,False,True,False,False,manual_section_review,,,,
advaita_paramananda_1919_upanishads,advaita,The Upanishads,advaita_paramananda_1919_upanishads:section:566c2e8e167036431d9d7992,,,root_text,,1,33,"By the worship of the Unmanifested one end is attained; by the worship of the manifested, another. Thus we have heard from the wise men who taught us this.",0,0.0,False,False,True,False,False,False,False,False,False,True,False,False,manual_section_review,,,,
advaita_paramananda_1919_upanishads,advaita,The Upanishads,advaita_paramananda_1919_upanishads:section:56fbf17350044af3244c8ac9,,,root_text,,1,121,"Arise! Awake! Having reached the Great Ones (illumined Teachers), gain understanding. The path is as sharp as a razor, impassable and difficult to travel, so the wise declare. This is the eternal call of the wise: Awake from the slumber of ignorance! Arise and seek out those who know the Truth, because only those who have direct vision of Truth are capable of teaching It. Invoke their blessing wi…",0,0.0,False,False,True,False,False,False,False,False,False,True,False,False,manual_section_review,,,,
advaita_paramananda_1919_upanishads,advaita,The Upanishads,advaita_paramananda_1919_upanishads:section:5775c49b78cfb67d5432cf72,,,root_text,,1,26,"Like fire a Brahmana guest enters into houses. That fire is quenched by an offering. (Therefore) O Vaivaswata, bring water.",0,0.0,False,False,True,False,False,False,False,False,False,True,False,False,manual_section_review,,,,
advaita_paramananda_1919_upanishads,advaita,The Upanishads,advaita_paramananda_1919_upanishads:section:587acd612d7bba5f5d4260ab,,,root_text,,1,109,"This Atman (Self), hidden in all beings, does not shine forth; but It is seen by subtle seers through keen and subtle understanding. If It dwells in all living beings, why do we not see It? Because the ordinary man's vision is too dull and distracted. It is visible to those alone whose intellect has been purified by constant thought on the Supreme, and whose sight therefore has become refined and…",0,0.0,False,False,True,False,False,False,False,False,False,True,False,False,manual_section_review,,,,
advaita_paramananda_1919_upanishads,advaita,The Upanishads,advaita_paramananda_1919_upanishads:section:5a5184c975bba544809834c3,,,root_text,,1,243,"He who thinks he knows It not, knows It. He who thinks he knows It, knows It not. The true knowers think they can never know It (because of Its infinitude), while the ignorant think they know It. By this text the teacher confirms the idea that Brahman is unthinkable, because unconditioned. Therefore he says: He who considers It beyond thought, beyond sense-perception, beyond mind and speech, he a…",0,0.0,False,False,True,False,False,False,False,False,False,True,False,False,manual_section_review,,,,
advaita_paramananda_1919_upanishads,advaita,The Upanishads,advaita_paramananda_1919_upanishads:section:5eaeae089f2817d07ca87965,,,root_text,,1,180,"He said to his father: Dear father, to whom wilt thou give me? He said it a second time, then a third time. The father replied: I shall give thee unto Death. Nachiketas, being a dutiful son and eager to atone for his father's inadequate sacrifice, tried to remind him thus indirectly that he had not fulfilled his promise to give away all his possessions, since he had not yet offered his own son, w…",0,0.0,False,False,True,False,False,False,False,False,False,True,False,False,manual_section_review,,,,
advaita_paramananda_1919_upanishads,advaita,The Upanishads,advaita_paramananda_1919_upanishads:section:62ae81a4afa700332ca86a45,,,root_text,,1,70,"This is the best Support, This is the highest Support; he who knows this Support is glorified in the world of Brahman. This sacred Word is the highest symbol of the Absolute. He who through meditating on It grasps Its full significance, realizes the glory of God and at once has all his desires satisfied, because God is the fulfilment of all desires.",0,0.0,False,False,True,False,False,False,False,False,False,True,False,False,manual_section_review,,,,
advaita_paramananda_1919_upanishads,advaita,The Upanishads,advaita_paramananda_1919_upanishads:section:63cb5612921338f4c53fbd99,,,root_text,,1,47,"Nachiketas said: There is this doubt regarding what becomes of a man after death. Some say he exists, others that he does not exist. This knowledge I desire, being instructed by thee. Of the boons this is the third boon.",0,0.0,False,False,True,False,False,False,False,False,False,True,False,False,manual_section_review,,,,
advaita_paramananda_1919_upanishads,advaita,The Upanishads,advaita_paramananda_1919_upanishads:section:64ac5f27b631d2192c1774df,,,root_text,,1,132,"There are a hundred and one nerves of the heart. One of them penetrates the centre of the head. Going upward through it, one attains immortality. The other (hundred nerve-courses) lead, in departing, to different worlds. The nervous system of the body provides the channels through which the mind travels; the direction in which it moves is determined by its desires and tendencies. When the mind be…",0,0.0,False,False,True,False,False,False,False,False,False,True,False,False,manual_section_review,,,,
advaita_paramananda_1919_upanishads,advaita,The Upanishads,advaita_paramananda_1919_upanishads:section:6706eb7ad6389ad4a6789894,,,root_text,,1,48,"He it is who sends the (in-coming) Prana (life-breath) upward and throws the (out-going) breath downward. Him all the senses worship, the adorable Atman, seated in the centre (the heart).",0,0.0,False,False,True,False,False,False,False,False,False,True,False,False,manual_section_review,,,,
advaita_paramananda_1919_upanishads,advaita,The Upanishads,advaita_paramananda_1919_upanishads:section:69372ce91f3ce3bf9ec06391,,,root_text,,1,34,"That which is not seen by the eye, but by which the eye is able to see: know that alone to be the Brahman, not this which people worship here.",0,0.0,False,False,True,False,False,False,False,False,False,True,False,False,manual_section_review,,,,
advaita_paramananda_1919_upanishads,advaita,The Upanishads,advaita_paramananda_1919_upanishads:section:69a6c6739e8b140d65caeeff,,,root_text,,1,107,"As the sun, the eye of the whole world, is not defiled by external impurities seen by the eyes, thus the one inner Self of all living beings is not defiled by the misery of the world, being outside it. The sun is called the eye of the world because it reveals all objects. As the sun may shine on the most impure object, yet remain uncontaminated by it, so the Divine Self within is not touched by t…",0,0.0,False,False,True,False,False,False,False,False,False,True,False,False,manual_section_review,,,,
advaita_paramananda_1919_upanishads,advaita,The Upanishads,advaita_paramananda_1919_upanishads:section:69ae488d5b7cd19d6c9bb405,,,root_text,,1,43,"The great-soured Yama, being well pleased, said to him (Nachiketas): I give thee now another boon. This fire (sacrifice) shall be named after thee. Take also this garland of many colours.",0,0.0,False,False,True,False,False,False,False,False,False,True,False,False,manual_section_review,,,,
advaita_paramananda_1919_upanishads,advaita,The Upanishads,advaita_paramananda_1919_upanishads:section:6b425773dc71353dd0d984a1,,,root_text,,1,184,"All this, whatsoever exists in the universe, should be covered by the Lord. Having renounced (the unreal), enjoy (the Real). Do not covet the wealth of any man. We cover all things with the Lord by perceiving the Divine Presence everywhere. When the consciousness is firmly fixed in God, the conception of diversity naturally drops away; because the One Cosmic Existence shines through all things. A…",0,0.0,False,False,True,False,False,False,False,False,False,True,False,False,manual_section_review,,,,
advaita_paramananda_1919_upanishads,advaita,The Upanishads,advaita_paramananda_1919_upanishads:section:6c0c86d7d4ee521038d43694,,,root_text,,1,33,"Therefore these Devas,—Agni, Vayu and Indra—excel other Devas, because they came nearer to Brahman. It was they who first knew this spirit as Brahman.",0,0.0,False,False,True,False,False,False,False,False,False,True,False,False,manual_section_review,,,,
advaita_paramananda_1919_upanishads,advaita,The Upanishads,advaita_paramananda_1919_upanishads:section:6ef2634c2c231cc734a3a620,,,root_text,,1,150,"She (Uma) said: ""It is Brahman. It is through the victory of Brahman that ye are victorious."" Then from her words, he (Indra) knew that it (that mysterious form) was Brahman. Uma replied to Indra, ""It is to Brahman that you owe your victory. It is through His power that you live and act. He is the agent and you are all only instruments in His hands. Therefore your idea that 'This victory is ours,…",0,0.0,False,False,True,False,False,False,False,False,False,True,False,False,manual_section_review,,,,
advaita_paramananda_1919_upanishads,advaita,The Upanishads,advaita_paramananda_1919_upanishads:section:6f3dfbe517b9b7d5f44777f1,,,root_text,,1,35,"He who does not possess discrimination, whose mind is uncontrolled and always impure, he does not reach that goal, but falls again into Samsara (realm of birth and death).",0,0.0,False,False,True,False,False,False,False,False,False,True,False,False,manual_section_review,,,,
advaita_paramananda_1919_upanishads,advaita,The Upanishads,advaita_paramananda_1919_upanishads:section:7125b009cc7dfba689c04a1c,,,root_text,,1,55,"Yama replied: I know well that fire which leads to the realm of heaven. I shall tell it to thee. Listen to me. Know, O Nachiketas, that this is the means of attaining endless worlds and their support. It is hidden in the heart of all beings.",0,0.0,False,False,True,False,False,False,False,False,False,True,False,False,manual_section_review,,,,
advaita_paramananda_1919_upanishads,advaita,The Upanishads,advaita_paramananda_1919_upanishads:section:728a3f391d925ea754a240f2,,,root_text,,1,26,"Brahman asked: ""What power resides in thee?"" Agni replied: ""I can burn up all whatsoever exists on earth.""",0,0.0,False,False,True,False,False,False,False,False,False,True,False,False,manual_section_review,,,,
advaita_paramananda_1919_upanishads,advaita,The Upanishads,advaita_paramananda_1919_upanishads:section:75c78e40e27b232363b6322d,,,root_text,,1,179,"There are two who enjoy the fruits of their good deeds in the world, having entered into the cave of the heart, seated (there) on the highest summit. The knowers of Brahman call them shadow and light. So also (they are called) by householders who perform five fire- sacrifices or three Nachiketa fire-sacrifices. Here the two signify the Higher Self and the lower self, dwelling in the innermost cav…",0,0.0,False,False,True,False,False,False,False,False,False,True,False,False,manual_section_review,,,,
advaita_paramananda_1919_upanishads,advaita,The Upanishads,advaita_paramananda_1919_upanishads:section:766c1dab064ef5acfc2965b8,,,root_text,,1,48,"Yama replied: Even the Devas (Bright Ones) of old doubted regarding this. It is not easy to know; subtle indeed is this subject. O Nachiketas, choose another boon. Do not press me. Ask not this boon of me.",0,0.0,False,False,True,False,False,False,False,False,False,True,False,False,manual_section_review,,,,
advaita_paramananda_1919_upanishads,advaita,The Upanishads,advaita_paramananda_1919_upanishads:section:7744d886db0378864a70a902,,,root_text,,1,216,"The Brahman once won a victory for the Devas. Through that victory of the Brahman, the Devas became elated. They thought, ""This victory is ours. This glory is ours."" Brahman here does not mean a personal Deity. There is a Brahma, the first person of the Hindu Trinity; but Brahman is the Absolute, the One without a second, the essence of all. There are different names and forms which represent cer…",0,0.0,False,False,True,False,False,False,False,False,False,True,False,False,manual_section_review,,,,
advaita_paramananda_1919_upanishads,advaita,The Upanishads,advaita_paramananda_1919_upanishads:section:78da3a62ba56a18d3fbd1bbb,,,root_text,,1,28,"Fools dwelling in ignorance, yet imagining themselves wise and learned, go round and round in crooked ways, like the blind led by the blind.",0,0.0,False,False,True,False,False,False,False,False,False,True,False,False,manual_section_review,,,,
advaita_paramananda_1919_upanishads,advaita,The Upanishads,advaita_paramananda_1919_upanishads:section:80e3eeb43ec293926c3731ac,,,root_text,,1,128,"From fear of Him the fire burns, from fear of Him the sun shines. From fear of Him Indra and Vayu and Death, the fifth, speed forth. Just as the body cannot live or act without the Soul, similarly nothing in the created world can exist independent of Brahman, who is the basis of all existence. His position is like that of a king whom all must obey; hence it is said that the gods of sun, moon, win…",0,0.0,False,False,True,False,False,False,False,False,False,True,False,False,manual_section_review,,,,
advaita_paramananda_1919_upanishads,advaita,The Upanishads,advaita_paramananda_1919_upanishads:section:80f99d8491e27b9818741019,,,root_text,,1,230,"He about whom many are not even able to hear, whom many cannot comprehend even after hearing: wonderful is the teacher, wonderful is he who can receive when taught by an able teacher. Throughout the Vedic Scriptures it is declared that no one can impart spiritual knowledge unless he has realization. What is meant by realization? It means knowledge based on direct perception. In India often the be…",0,0.0,False,False,True,False,False,False,False,False,False,True,False,False,manual_section_review,,,,
advaita_paramananda_1919_upanishads,advaita,The Upanishads,advaita_paramananda_1919_upanishads:section:81d0a610b427779572a3d67f,,,root_text,,1,96,"He (the Self) is all-encircling, resplendent, bodiless, spotless, without sinews, pure, untouched by sin, all-seeing, all-knowing, transcendent, self-existent; He has disposed all things duly for eternal years. This text defines the real nature of the Self. When our mind is cleansed from the dross of matter, then alone can we behold the vast, radiant, subtle, ever-pure and spotless Self, the true…",0,0.0,False,False,True,False,False,False,False,False,False,True,False,False,manual_section_review,,,,
advaita_paramananda_1919_upanishads,advaita,The Upanishads,advaita_paramananda_1919_upanishads:section:85281094f24fdab16349fdf0,,,root_text,,1,146,"By mind alone this is to be realized. There is no difference whatever (between visible and invisible). He who sees difference here (between these) goes from death to death. In the sight of true wisdom, there is no difference between the creator and the created. Even physical science has come to recognize that cause and effect are but two aspects of one manifestation of energy. He who fails to see…",0,0.0,False,False,True,False,False,False,False,False,False,True,False,False,manual_section_review,,,,
advaita_paramananda_1919_upanishads,advaita,The Upanishads,advaita_paramananda_1919_upanishads:section:881dd3f25d54bde19220730c,,,root_text,,1,33,"Higher than the senses is the mind, higher than the mind is the intellect, higher than the intellect is the great Atman, higher than the Atman is the Unmanifested.",0,0.0,False,False,True,False,False,False,False,False,False,True,False,False,manual_section_review,,,,
advaita_paramananda_1919_upanishads,advaita,The Upanishads,advaita_paramananda_1919_upanishads:section:897c22773c227c7eaaf2f820,,,root_text,,1,93,"The wise who know the Self, bodiless, seated within perishable bodies, great and all- pervading, grieve not. Then a wise man through the practice of discrimination has seen clearly the distinction between body and Soul, he knows that his true Self is not the body, though It dwells in the body. Thus realizing the indestructible, all-pervading nature of his real Self, he surmounts all fear of death…",0,0.0,False,False,True,False,False,False,False,False,False,True,False,False,manual_section_review,,,,
advaita_paramananda_1919_upanishads,advaita,The Upanishads,advaita_paramananda_1919_upanishads:section:8a90768dad5a62859bc352cb,,,root_text,,1,139,"Though sitting, It travels far; though lying, It goes everywhere. Who else save me is fit to know that God, who is (both) joyful and joyless? The Self is all-pervading, hence It is that which sits still and that which travels, that which is active and that which is inactive. It is both stationary and moving, and It is the basis of all forms of existence; therefore whatever exists in the universe,…",0,0.0,False,False,True,False,False,False,False,False,False,True,False,False,manual_section_review,,,,
advaita_paramananda_1919_upanishads,advaita,The Upanishads,advaita_paramananda_1919_upanishads:section:8c28fa8103c1e2ba5d0a03f9,,,root_text,,1,40,"Yama said: Ask for sons and grandsons who shall live a hundred years, many cattle, elephants, gold and horses. Ask for lands of vast extent and live thyself as many autumns as thou desirest.",0,0.0,False,False,True,False,False,False,False,False,False,True,False,False,manual_section_review,,,,
advaita_paramananda_1919_upanishads,advaita,The Upanishads,advaita_paramananda_1919_upanishads:section:8f98c69653aab3e591738fc4,,,root_text,,1,132,"Next (the teaching) is regarding Adhyatman (the embodied Soul). The mind seems to approach Him (Brahman). By this mind (the seeker) again and again remembers and thinks about Brahman. Only by the mind can the seeker after knowledge approach Brahman, whose nature in glory and speed has been described as like unto a flash of lightning. Mind alone can picture the indescribable Brahman; and mind alon…",0,0.0,False,False,True,False,False,False,False,False,False,True,False,False,manual_section_review,,,,
advaita_paramananda_1919_upanishads,advaita,The Upanishads,advaita_paramananda_1919_upanishads:section:910329f37eac1caa6a5176a8,,,root_text,,1,27,"When the offerings were being distributed, faith (Shraddha) entered (the heart of) Nachiketas, who, though young, yet resected:",0,0.0,False,False,True,False,False,False,False,False,False,True,False,False,manual_section_review,,,,
advaita_paramananda_1919_upanishads,advaita,The Upanishads,advaita_paramananda_1919_upanishads:section:92af0acbfc3d604fe376c13d,,,root_text,,1,64,"The wise, who by means of the highest meditation on the Self knows the Ancient One, difficult to perceive, seated in the innermost recess, hidden in the cave of the heart, dwelling in the depth of inner being, (he who knows that One) as God, is liberated from the fetters of joy and sorrow.",0,0.0,False,False,True,False,False,False,False,False,False,True,False,False,manual_section_review,,,,
advaita_paramananda_1919_upanishads,advaita,The Upanishads,advaita_paramananda_1919_upanishads:section:9477f3c54a2e6aa6d5e2ec93,,,root_text,,1,162,"May we be able to learn that Nachiketa fire-sacrifice, which is a bridge for those who perform sacrifice. May we also know the One, who is the highest imperishable Brahman for those who desire to cross over to the other shore which is beyond fear. The significance of this text is May we acquire the knowledge of Brahman, the Supreme, in both manifested and unmanifested form. He is manifested as th…",0,0.0,False,False,True,False,False,False,False,False,False,True,False,False,manual_section_review,,,,
advaita_paramananda_1919_upanishads,advaita,The Upanishads,advaita_paramananda_1919_upanishads:section:95a6eb01d5ad387d05350127,,,root_text,,1,150,"Then he saw in that very space a woman beautifully adorned, Uma of golden hue, daughter of Haimavat (Himalaya). He asked: ""What is this great mystery?"" Here we see how the Absolute assumes concrete form to give knowledge of Himself to the earnest seeker. Brahman, the impenetrable mystery, disappeared and in His place appeared a personal form to represent Him. This is a subtle way of showing the d…",0,0.0,False,False,True,False,False,False,False,False,False,True,False,False,manual_section_review,,,,
advaita_paramananda_1919_upanishads,advaita,The Upanishads,advaita_paramananda_1919_upanishads:section:97259795c0f182d8c52ce4a7,,,root_text,,1,47,"The Being who remains awake while all sleep, who grants all desires, That is pure, That is Brahman, That alone is said to be immortal. On That all the worlds rest. None goes beyond That. This verily is That.",0,0.0,False,False,True,False,False,False,False,False,False,True,False,False,manual_section_review,,,,
advaita_paramananda_1919_upanishads,advaita,The Upanishads,advaita_paramananda_1919_upanishads:section:97d5cacc1b4c17fe13c2cbe2,,,root_text,,1,185,"He who knows at the same time both Vidya and Avidya, crosses over death by Avidya and attains immortality through Vidya. Those who follow or ""worship"" the path of selfishness and pleasure (Avidya), without knowing anything higher, necessarily fall into darkness; but those who worship or cherish Vidya (knowledge) for mere intellectual pride and satisfaction, fall into greater darkness, because the…",0,0.0,False,False,True,False,False,False,False,False,False,True,False,False,manual_section_review,,,,
advaita_paramananda_1919_upanishads,advaita,The Upanishads,advaita_paramananda_1919_upanishads:section:991a9d7603887d6cdf44fa63,,,root_text,,1,41,"Eternal among the changing, consciousness of the conscious, who, though one, fulfils the desires of many: the wise who perceive Him seated within their Self, to them belongs eternal peace, not to others.",0,0.0,False,False,True,False,False,False,False,False,False,True,False,False,manual_section_review,,,,
advaita_paramananda_1919_upanishads,advaita,The Upanishads,advaita_paramananda_1919_upanishads:section:994eae6da5e72aaaf120a60a,,,root_text,,1,37,"Nachiketas said: O Death, these are fleeting; they weaken the vigour of all the senses in man. Even the longest life is short. Keep thou thy chariots, dance and music.",0,0.0,False,False,True,False,False,False,False,False,False,True,False,False,manual_section_review,,,,
advaita_paramananda_1919_upanishads,advaita,The Upanishads,advaita_paramananda_1919_upanishads:section:9977cb1d2b05012fffeb4678,,,root_text,,1,48,"I know that (earthly) treasure is transitory, for the eternal can never be attained by things which are non-eternal. Hence the Nachiketa fire (sacrifice) has been performed by me with perishable things and yet I have attained the eternal.",0,0.0,False,False,True,False,False,False,False,False,False,True,False,False,manual_section_review,,,,
advaita_paramananda_1919_upanishads,advaita,The Upanishads,advaita_paramananda_1919_upanishads:section:999aa26a7ca2d9df653a13a7,,,root_text,,1,62,"Beyond the Unmanifested is the all-pervading and imperceptible Being (Purusha). By knowing Him, the mortal is liberated and attains immortality. This division of the individual into senses, mind, intellect, self-consciousness, undifferentiated creative energy and the Absolute Self is explained in the commentary of verse XI, Part Third.",0,0.0,False,False,True,False,False,False,False,False,False,True,False,False,manual_section_review,,,,
advaita_paramananda_1919_upanishads,advaita,The Upanishads,advaita_paramananda_1919_upanishads:section:99e500595eadedbd6c3703dc,,,root_text,,1,40,"He ran towards it and He (Brahman) said to him: ""Who art thou?"" ""I am Vayu, I am Matarisva (traveller of Heaven),"" he (Vayu) said.",0,0.0,False,False,True,False,False,False,False,False,False,True,False,False,manual_section_review,,,,
advaita_paramananda_1919_upanishads,advaita,The Upanishads,advaita_paramananda_1919_upanishads:section:9a6220145fd118727a00cee8,,,root_text,,2,333,"If thou thinkest ""I know It well,"" then it is certain that thou knowest but little of the Brahman (Absolute Truth), or in what form He (resideth) in the Devas (minor aspects of Deity). Therefore I think that what thou thinkest to be known is still to be sought after. Having given the definition of the real Self or Brahman, by which mortals are able to see, hear, feel and think, the teacher was af…",0,0.0,False,False,True,False,False,False,False,False,False,True,False,False,manual_section_review,,,,
advaita_paramananda_1919_upanishads,advaita,The Upanishads,advaita_paramananda_1919_upanishads:section:9e3036d8aa68d2ecb78e476e,,,root_text,,1,37,"If thou thinkest of any other boon equal to this, ask for wealth and long life; be ruler over the wide earth. O Nachiketas, I shall make thee enjoyer of all desires.",0,0.0,False,False,True,False,False,False,False,False,False,True,False,False,manual_section_review,,,,
advaita_paramananda_1919_upanishads,advaita,The Upanishads,advaita_paramananda_1919_upanishads:section:a089706b5d28513a288bdbb6,,,root_text,,3,590,"He who knows this (wisdom of the Upanishad), having been cleansed of all sin, becomes established in the blissful, eternal and highest abode of Brahman, in the highest abode of Brahman. Here ends this Upanishad. This Upanishad is called Kena, because it begins with the inquiry: ""By whom"" (Kena) willed or directed does the mind go towards its object? From whom comes life? What enables man to speak…",0,0.0,False,False,True,False,False,False,False,False,False,True,False,False,manual_section_review,,,,
advaita_paramananda_1919_upanishads,advaita,The Upanishads,advaita_paramananda_1919_upanishads:section:a12763399000056c8f672629,,,root_text,,1,20,They fall into blind darkness who worship the Unmanifested and they fall into greater darkness who worship the manifested.,0,0.0,False,False,True,False,False,False,False,False,False,True,False,False,manual_section_review,,,,
advaita_paramananda_1919_upanishads,advaita,The Upanishads,advaita_paramananda_1919_upanishads:section:a154b9bfb5a806b86b2e79a7,,,root_text,,1,82,"His form is not to be seen. No one can see Him with the eye. He is perceived by the heart, by the intellect and by the mind. They who know this become immortal. The Supreme, being formless, cannot be discerned by the senses, hence all knowledge of Him must be acquired by the subtler faculties of heart, intellect and mind, which are developed only through the purifying practice of meditation.",0,0.0,False,False,True,False,False,False,False,False,False,True,False,False,manual_section_review,,,,
advaita_paramananda_1919_upanishads,advaita,The Upanishads,advaita_paramananda_1919_upanishads:section:a21ea6b6d19e483eef9bee2d,,,root_text,,1,39,"He who with devotion recites this highest secret of immortality before an assembly of Brahmanas (pious men) or at the time of Shraddha (funeral ceremonies), gains everlasting reward, he gains everlasting reward.",0,0.0,False,False,True,False,False,False,False,False,False,True,False,False,manual_section_review,,,,
advaita_paramananda_1919_upanishads,advaita,The Upanishads,advaita_paramananda_1919_upanishads:section:a303d5c26f10e89d487c2d3a,,,root_text,,1,41,Man cannot be satisfied by wealth. Shall we possess wealth when we see thee (Death)? Shall we continue to live as long as thou rulest? Therefore that boon alone is to be chosen by me.,0,0.0,False,False,True,False,False,False,False,False,False,True,False,False,manual_section_review,,,,
advaita_paramananda_1919_upanishads,advaita,The Upanishads,advaita_paramananda_1919_upanishads:section:a343a1cc081e98f5caff7ae6,,,root_text,,1,141,"The indefinite term ""That"" is used in the Upanishads to designate the Invisible-Absolute, because no word or name can fully define It. A finite object, like a table or a tree, can be defined; but God, who is infinite and unbounded, cannot be expressed by finite language. Therefore the Rishis or Divine Seers, desirous not to limit the Unlimited, chose the indefinite term ""That"" to designate the Ab…",0,0.0,False,False,True,False,False,False,False,False,False,True,False,False,manual_section_review,,,,
advaita_paramananda_1919_upanishads,advaita,The Upanishads,advaita_paramananda_1919_upanishads:section:a4acfba99a47dfbdd1dd2459,,,root_text,,1,170,"If one should desire to live in this world a hundred years, one should live performing Karma (righteous deeds). Thus thou mayest live; there is no other way. By doing this, Karma (the fruits of thy actions) will not defile thee. If a man still clings to long life and earthly possessions, and is therefore unable to follow the path of Self-knowledge (Gnana-Nishta) as prescribed in the first Mantram…",0,0.0,False,False,True,False,False,False,False,False,False,True,False,False,manual_section_review,,,,
advaita_paramananda_1919_upanishads,advaita,The Upanishads,advaita_paramananda_1919_upanishads:section:a4eee4e53003246cdf565a12,,,root_text,,1,212,"It (Brahman) is known, when It is known in every state of consciousness. (Through such knowledge) one attains immortality. By attaining this Self, man gains strength; and by Self-knowledge immortality is attained. We have learned from the previous text that the Brahman is unknown to those whose knowledge is limited to sense experience; but He is not unknown to those whose purified intelligence pe…",0,0.0,False,False,True,False,False,False,False,False,False,True,False,False,manual_section_review,,,,
advaita_paramananda_1919_upanishads,advaita,The Upanishads,advaita_paramananda_1919_upanishads:section:a51a0036f30773a8f883942f,,,root_text,,1,61,"He who knows Aditi, who rises with Prana (the Life Principle), existent in all the Devas; who, having entered into the heart, abides there; and who was born from the elements—this verily is That. This verse is somewhat obscure and seems like an interpolated amplification of the preceding verse.",0,0.0,False,False,True,False,False,False,False,False,False,True,False,False,manual_section_review,,,,
advaita_paramananda_1919_upanishads,advaita,The Upanishads,advaita_paramananda_1919_upanishads:section:a56bd6fa895dec1c378217dd,,,root_text,,1,36,"What man dwelling on the decaying mortal plane, having approached the undecaying immortal one, and having reflected upon the nature of enjoyment through beauty and sense pleasure, would delight in long life?",0,0.0,False,False,True,False,False,False,False,False,False,True,False,False,manual_section_review,,,,
advaita_paramananda_1919_upanishads,advaita,The Upanishads,advaita_paramananda_1919_upanishads:section:a624383faa8812e3faae2000,,,root_text,,1,39,"There is one ruler, the Self of all living beings, who makes the one form manifold; the wise who perceive Him seated within their Self, to them belongs eternal bliss, not to others.",0,0.0,False,False,True,False,False,False,False,False,False,True,False,False,manual_section_review,,,,
advaita_paramananda_1919_upanishads,advaita,The Upanishads,advaita_paramananda_1919_upanishads:section:a71b829501ff62c35bc083cb,,,root_text,,1,174,"Whatsoever objects of desire are difficult to obtain in the realm of mortals, ask them all as thou desirest; these lovely maidens with their chariots and musical instruments, such as are not obtainable by mortals—be served by these whom I give to thee. O Nachiketas, do not ask regarding death. The third boon asked by Nachiketas concerning the great Hereafter was one which could be granted only to…",0,0.0,False,False,True,False,False,False,False,False,False,True,False,False,manual_section_review,,,,
advaita_paramananda_1919_upanishads,advaita,The Upanishads,advaita_paramananda_1919_upanishads:section:a87b25ed894f89060e154708,,,root_text,,1,169,"O Nachiketas, thou hast seen the fulfillment of all desires, the basis of the universe, the endless fruit of sacrificial rites, the other shore where there is no fear, that which is praiseworthy, the great and wide support; yet, being wise, thou hast rejected all with firm resolve. The teacher, saying that the imperishable cannot be attained by the perishable, shows that no amount of observance o…",0,0.0,False,False,True,False,False,False,False,False,False,True,False,False,manual_section_review,,,,
advaita_paramananda_1919_upanishads,advaita,The Upanishads,advaita_paramananda_1919_upanishads:section:a9941f13a243fb97e11330ae,,,root_text,,1,99,"Therefore Indra excels all other Devas, because he came nearest to Brahman, and because he first (before all others) knew this spirit as Brahman. Agni, Vayu and Indra were superior to the other Devas because they gained a closer vision; and they were able to do this because they were purer; while Indra stands as the head of the Devas, because he realized the Truth directly, he reached Brahman. Th…",0,0.0,False,False,True,False,False,False,False,False,False,True,False,False,manual_section_review,,,,
advaita_paramananda_1919_upanishads,advaita,The Upanishads,advaita_paramananda_1919_upanishads:section:aa9348c8ac5d42e49042a7c4,,,root_text,,1,165,"By whom commanded and directed does the mind go towards its objects? Commanded by whom does the life-force, the first (cause), move? At whose will do men utter speech? What power directs the eye and the ear? Thus the disciple approached the Master and inquired concerning the cause of life and human activity. Having a sincere longing for Truth he desired to know who really sees and hears, who actu…",0,0.0,False,False,True,False,False,False,False,False,False,True,False,False,manual_section_review,,,,
advaita_paramananda_1919_upanishads,advaita,The Upanishads,advaita_paramananda_1919_upanishads:section:ab086c14037b550bb4ca916a,,,root_text,,1,94,"If a man is not able to know Him before the dissolution of the body, then he becomes embodied again in the created worlds. As soon as a man acquires knowledge of the Supreme, he is liberated; but if he fails to attain such knowledge before his Soul is separated from the body, then he must take other bodies and return again and again to this realm of birth and death, until through varied experienc…",0,0.0,False,False,True,False,False,False,False,False,False,True,False,False,manual_section_review,,,,
advaita_paramananda_1919_upanishads,advaita,The Upanishads,advaita_paramananda_1919_upanishads:section:ab388cdb1c927d073ef4db4d,,,root_text,,1,61,"Brahman placed a straw before him and said: ""Burn this."" He (Agni) rushed towards it with all speed, but was not able to burn it. So he returned from there and said (to the Devas): ""I was not able to find out what this great mystery is.""",0,0.0,False,False,True,False,False,False,False,False,False,True,False,False,manual_section_review,,,,
advaita_paramananda_1919_upanishads,advaita,The Upanishads,advaita_paramananda_1919_upanishads:section:acadf35f951749c9002296ce,,,root_text,,1,54,"When taught by a man of inferior understanding, this Atman cannot be truly known, even though frequently thought upon. There is no way (to know It) unless it is taught by another (an illumined teacher), for it is subtler than the subtle and beyond argument.",0,0.0,False,False,True,False,False,False,False,False,False,True,False,False,manual_section_review,,,,
advaita_paramananda_1919_upanishads,advaita,The Upanishads,advaita_paramananda_1919_upanishads:section:ad1e6de384758bf96aa3747d,,,root_text,,1,63,"Brahman placed a straw before him and said: ""Blow this away."" He (Vayu) rushed towards it with all speed, but was not able to blow it away. So he returned from there and said (to the Devas): ""I was not able to find out what this great mystery is.""",0,0.0,False,False,True,False,False,False,False,False,False,True,False,False,manual_section_review,,,,
advaita_paramananda_1919_upanishads,advaita,The Upanishads,advaita_paramananda_1919_upanishads:section:ad4149ee7c34d73ef010a544,,,root_text,,1,117,"He who has not turned away from evil conduct, whose senses are uncontrolled, who is not tranquil, whose mind is not at rest, he can never attain this Atman even by knowledge. Yama having first described what the Atman is, now tells us how to attain It. A man must try to subdue his lower nature and gain control over the body and senses. He must conquer the impure selfish desires which now disturb…",0,0.0,False,False,True,False,False,False,False,False,False,True,False,False,manual_section_review,,,,
advaita_paramananda_1919_upanishads,advaita,The Upanishads,advaita_paramananda_1919_upanishads:section:ae268e9b790fb1f821034213,,,root_text,,1,39,"The good and the pleasant approach man; the wise examines both and discriminates between them; the wise prefers the good to the pleasant, but the foolish man chooses the pleasant through love of bodily pleasure.",0,0.0,False,False,True,False,False,False,False,False,False,True,False,False,manual_section_review,,,,
advaita_paramananda_1919_upanishads,advaita,The Upanishads,advaita_paramananda_1919_upanishads:section:b210d7527861f264b12c5126,,,root_text,,1,170,"The city of the Unborn, whose knowledge is unchanging, has eleven gates. Thinking on Him, man grieves no more; and being freed (from ignorance), he attains liberation. This verily is That. This human body is called a city with eleven gates, where the eternal unborn Spirit dwells. These gates are the two eyes, two ears, two nostrils, the mouth, the navel, the two lower apertures, and the impercept…",0,0.0,False,False,True,False,False,False,False,False,False,True,False,False,manual_section_review,,,,
advaita_paramananda_1919_upanishads,advaita,The Upanishads,advaita_paramananda_1919_upanishads:section:b2a2af1e231b8f8e845b2851,,,root_text,,1,38,May He (the Supreme Being) protect us both. May He be pleased with us. May we acquire strength. May our study bring us illumination. May there be no enmity among us.,0,0.0,False,False,True,False,False,False,False,False,False,True,False,False,manual_section_review,,,,
advaita_paramananda_1919_upanishads,advaita,The Upanishads,advaita_paramananda_1919_upanishads:section:b4264edd15fa26b4adf61285,,,root_text,,1,225,"That which none breathes with the breath, but by which breath is in-breathed: know that alone to be the Brahman, not this which people worship here. Ordinarily we know three states of consciousness only,—waking, dreaming and sleeping. There is, however, a fourth state, the superconscious, which transcends these. In the first three states the mind is not clear enough to save us from error; but in…",0,0.0,False,False,True,False,False,False,False,False,False,True,False,False,manual_section_review,,,,
advaita_paramananda_1919_upanishads,advaita,The Upanishads,advaita_paramananda_1919_upanishads:section:b5391585c64d1a82a6ac7bed,,,root_text,,1,150,"As in a mirror, so is He seen within oneself; as in a dream, so (is He seen) in the world of the fathers (departed spirits); as in water, so (is He seen) in the world of Gandharvas (the angelic realm). As light and shadow, so (is He seen) in the world of Brahma (the Creator). When by means of a purified understanding one beholds God within, the image is distinct as in a polished mirror; but one c…",0,0.0,False,False,True,False,False,False,False,False,False,True,False,False,manual_section_review,,,,
advaita_paramananda_1919_upanishads,advaita,The Upanishads,advaita_paramananda_1919_upanishads:section:b5668f4a0a3646004192b49f,,,root_text,,1,47,"The Upanishad is based on tapas (practice of the control of body, mind and senses), dama (subjugation of the senses), karma (right performance of prescribed actions). The Vedas are its limbs. Truth is its support.",0,0.0,False,False,True,False,False,False,False,False,False,True,False,False,manual_section_review,,,,
advaita_paramananda_1919_upanishads,advaita,The Upanishads,advaita_paramananda_1919_upanishads:section:b9e3c31115b5234a87e0c158,,,root_text,,1,33,"If the slayer thinks that he slays, or if the slain thinks that he is slain, both of these know not. For It neither slays nor is It slain.",0,0.0,False,False,True,False,False,False,False,False,False,True,False,False,manual_section_review,,,,
advaita_paramananda_1919_upanishads,advaita,The Upanishads,advaita_paramananda_1919_upanishads:section:bad82eda0af7d5578b292b53,,,root_text,,1,29,"Beyond the senses are the objects, beyond the objects is the mind, beyond the mind is the intellect, beyond the intellect is the great Atman.",0,0.0,False,False,True,False,False,False,False,False,False,True,False,False,manual_section_review,,,,
advaita_paramananda_1919_upanishads,advaita,The Upanishads,advaita_paramananda_1919_upanishads:section:bc35f28e3e68357a7baa6e5f,,,root_text,,1,230,"The Hereafter never rises before the thoughtless child (the ignorant), deluded by the glamour of wealth. ""This world alone is, there is none other"": thinking thus, he falls under my sway again and again. There are many in the world, who, puffed up with intellectual conceit, believe that they are capable of guiding others. But although they may possess a certain amount of worldly wisdom, they are…",0,0.0,False,False,True,False,False,False,False,False,False,True,False,False,manual_section_review,,,,
advaita_paramananda_1919_upanishads,advaita,The Upanishads,advaita_paramananda_1919_upanishads:section:bd1338414acdb33479317519,,,root_text,,1,30,"Then they said to Vayu (the Air-god): ""Vayu! Find out what this mystery is."" He said: ""Yes.""",0,0.0,False,False,True,False,False,False,False,False,False,True,False,False,manual_section_review,,,,
advaita_paramananda_1919_upanishads,advaita,The Upanishads,advaita_paramananda_1919_upanishads:section:bfc9500d249fa050521927cd,,,root_text,,1,34,"Yama said: O Brahmana! Revered guest! My salutations to thee. As thou hast remained three nights in my house without food, therefore choose three boons, O Brahmana.",0,0.0,False,False,True,False,False,False,False,False,False,True,False,False,manual_section_review,,,,
advaita_paramananda_1919_upanishads,advaita,The Upanishads,advaita_paramananda_1919_upanishads:section:bfd86d21fe45f46fbfc97aa4,,,root_text,,1,31,"They enter into blind darkness who worship Avidya (ignorance and delusion); they fall, as it were, into greater darkness who worship Vidya (knowledge).",0,0.0,False,False,True,False,False,False,False,False,False,True,False,False,manual_section_review,,,,
advaita_paramananda_1919_upanishads,advaita,The Upanishads,advaita_paramananda_1919_upanishads:section:c41b09da8dbafb6f04130d27,,,root_text,,1,26,"He who sees all beings in the Self and the Self in all beings, he never turns away from It (the Self).",0,0.0,False,False,True,False,False,False,False,False,False,True,False,False,manual_section_review,,,,
advaita_paramananda_1919_upanishads,advaita,The Upanishads,advaita_paramananda_1919_upanishads:section:c5ffea8ebd2a2ff3f4025f64,,,root_text,,1,163,"May my life-breath go to the all-pervading and immortal Prana, and let this body be burned to ashes. Om! O mind, remember thy deeds! O mind, remember, remember thy deeds! Remember! Seek not fleeting results as the reward of thy actions, O mind! Strive only for the Imperishable. This Mantram or text is often chanted at the hour of death to remind one of the perishable nature of the body and the et…",0,0.0,False,False,True,False,False,False,False,False,False,True,False,False,manual_section_review,,,,
advaita_paramananda_1919_upanishads,advaita,The Upanishads,advaita_paramananda_1919_upanishads:section:c7bd6947dba8c12e3187ba12,,,root_text,,1,126,"This firm holding back of the senses is what is known as Yoga. Then one should become watchful, for Yoga comes and goes. Yoga literally means to join or to unite the lower self with the Higher Self, the object with the subject, the worshipper with God. In order to gain this union, however, one must first disunite oneself from all that scatters the physical, mental and intellectual forces; so the…",0,0.0,False,False,True,False,False,False,False,False,False,True,False,False,manual_section_review,,,,
advaita_paramananda_1919_upanishads,advaita,The Upanishads,advaita_paramananda_1919_upanishads:section:c8b5322e9d5c06d58c3d5631,,,root_text,,1,102,"That by which a mortal perceives, both in dream and in waking, by knowing that great all-pervading Atman the wise man grieves no more. In these verses the teacher tries to make plain that all knowledge, as well as all sense perception, in every state of consciousness—sleeping, dreaming or waking—is possible only because the Self exists. There can be no knowledge or perception independent of the S…",0,0.0,False,False,True,False,False,False,False,False,False,True,False,False,manual_section_review,,,,
advaita_paramananda_1919_upanishads,advaita,The Upanishads,advaita_paramananda_1919_upanishads:section:ca047f93704501bdacc55fdf,,,root_text,,1,131,"Here ends this Upanishad Kena-Upanishad Like the Isavasya, this Upanishad derives its name from the opening word of the text, Kena-ishitam, ""by whom directed."" It is also known as the Talavakara-Upanishad because of its place as a chapter in the Talavakara-Brahmana of the Sama-Veda. Among the Upanishads it is one of the most analytical and metaphysical, its purpose being to lead the mind from the…",0,0.0,False,False,True,False,False,False,False,False,False,True,False,False,manual_section_review,,,,
advaita_paramananda_1919_upanishads,advaita,The Upanishads,advaita_paramananda_1919_upanishads:section:caa5af96dcb3a6a88b183ea0,,,root_text,,11,2383,"Produced by J. C. Byers The Upanishads Translated and Commentated by Swami Paramananda From the Original Sanskrit Text This volume is reverently dedicated to all seekers of truth and lovers of wisdom Preface The translator's idea of rendering the Upanishads into clear simple English, accessible to Occidental readers, had its origin in a visit paid to a Boston friend in 1909. The gentleman, then b…",0,0.0,True,False,True,False,True,False,False,False,False,True,False,False,exclude_candidate,,,,
advaita_paramananda_1919_upanishads,advaita,The Upanishads,advaita_paramananda_1919_upanishads:section:cc198794cd93414e836570d0,,,root_text,,1,43,"The sun does not shine there, nor the moon, nor the stars; nor do these lightnings shine there, much less this fire. When He shines, everything shines after Him; by His light all is lighted.",0,0.0,False,False,True,False,False,False,False,False,False,True,False,False,manual_section_review,,,,
advaita_paramananda_1919_upanishads,advaita,The Upanishads,advaita_paramananda_1919_upanishads:section:ccb146aa693b503e8943d3bb,,,root_text,,1,52,"Thou knowest, O Death, the fire-sacrifice that leads to heaven. Tell this to me, who am full of Shraddha (faith and yearning). They who live in the realm of heaven enjoy freedom from death. This I beg as my second boon.",0,0.0,False,False,True,False,False,False,False,False,False,True,False,False,manual_section_review,,,,
advaita_paramananda_1919_upanishads,advaita,The Upanishads,advaita_paramananda_1919_upanishads:section:ce10d5e08af132a4fa363256,,,root_text,,1,34,"Nachiketas said: That which thou seest, which is neither virtue nor vice, neither cause nor effect, neither past nor future (but beyond these), tell me That.",0,0.0,False,False,True,False,False,False,False,False,False,True,False,False,manual_section_review,,,,
advaita_paramananda_1919_upanishads,advaita,The Upanishads,advaita_paramananda_1919_upanishads:section:ceb60594e0c4623965959875,,,root_text,,1,162,"The Purusha (Self), of the size of a thumb, resides in the middle of the body as the lord of the past and the future, (he who knows Him) fears no more. This verily is That. The seat of the Purusha is said to be the heart, hence It ""resides in the middle of the body."" Although It is limitless and all-pervading, yet in relation to Its abiding-place It is represented as limited in extension, ""the si…",0,0.0,False,False,True,False,False,False,False,False,False,True,False,False,manual_section_review,,,,
advaita_paramananda_1919_upanishads,advaita,The Upanishads,advaita_paramananda_1919_upanishads:section:cf54ab2023f7a81e88b477ae,,,root_text,,1,155,Nachiketas thought: Among many (of my father's pupils) I stand first; among many (others) I stand in the middle (but never last). What will be accomplished for my father by my going this day to Yama? It was not conceit which led Nachiketas to consider his own standing and importance. He was weighing his value as a son and pupil in order to be able to judge whether or not he had merit enough to pr…,0,0.0,False,False,True,False,False,False,False,False,False,True,False,False,manual_section_review,,,,
advaita_paramananda_1919_upanishads,advaita,The Upanishads,advaita_paramananda_1919_upanishads:section:cf56f032dbdd127a1b7a7bb1,,,root_text,,1,171,"A mortal, having heard and fully grasped this, and having realized through discrimination the subtle Self, rejoices, because he has obtained that which is the source of all joy. I think the abode (of Truth) is open to Nachiketas. The Scriptures give three stages in all spiritual attainment. The aspirant must first hear about the Truth from an enlightened teacher; next he must reflect upon what he…",0,0.0,False,False,True,False,False,False,False,False,False,True,False,False,manual_section_review,,,,
advaita_paramananda_1919_upanishads,advaita,The Upanishads,advaita_paramananda_1919_upanishads:section:d27405636d639992c34d7701,,,root_text,,4,762,"O Agni (Bright Being)! Lead us to blessedness by the good path. O Lord! Thou knowest all our deeds, remove all evil and delusion from us. To Thee we offer our prostrations and supplications again and again. Here ends this Upanishad This Upanishad is called Isa-Vasya-Upanishad, that which gives Brahma-Vidya or knowledge of the All-pervading Deity. The dominant thought running through it is that we…",0,0.0,False,False,True,False,False,False,False,False,False,True,False,False,manual_section_review,,,,
advaita_paramananda_1919_upanishads,advaita,The Upanishads,advaita_paramananda_1919_upanishads:section:d45181130e3b78846cc7b2be,,,root_text,,1,297,"These cows have drunk water, eaten grass and given milk for the last time, and their senses have lost all vigour. He who gives these undoubtedly goes to joyless realms. In India the idea of sacrifice has always been to give freely for the joy of giving, without asking anything in return; and the whole purpose and merit of the sacrifice is lost, if the giver entertains the least thought of name, f…",0,0.0,False,False,True,False,False,False,False,False,False,True,False,False,manual_section_review,,,,
advaita_paramananda_1919_upanishads,advaita,The Upanishads,advaita_paramananda_1919_upanishads:section:d569316cafbc891298485fc2,,,root_text,,1,42,"If one knows It here, that is Truth; if one knows It not here, then great is his loss. The wise seeing the same Self in all beings, being liberated from this world, become immortal.",0,0.0,False,False,True,False,False,False,False,False,False,True,False,False,manual_section_review,,,,
advaita_paramananda_1919_upanishads,advaita,The Upanishads,advaita_paramananda_1919_upanishads:section:d78bd9f75f9564e57c0fb724,,,root_text,,1,44,"Yama said: The good is one thing and the pleasant another. These two, having different ends, bind a man. It is well with him who chooses the good. He who chooses the pleasant misses the true end.",0,0.0,False,False,True,False,False,False,False,False,False,True,False,False,manual_section_review,,,,
advaita_paramananda_1919_upanishads,advaita,The Upanishads,advaita_paramananda_1919_upanishads:section:d96ef9aef33bc87f6d01c43f,,,root_text,,1,39,"He who knows this Atman, the honey-eater (perceiver and enjoyer of objects), ever near, as the lord of the past and future, fears no more. This verily is That.",0,0.0,False,False,True,False,False,False,False,False,False,True,False,False,manual_section_review,,,,
advaita_paramananda_1919_upanishads,advaita,The Upanishads,advaita_paramananda_1919_upanishads:section:dc042cd6f302a591e0d259ff,,,root_text,,1,196,"Beyond the great Atman is the Unmanifested; beyond the Unmanifested is the Purusha (the Cosmic Soul); beyond the Purusha there is nothing. That is the end, that is the final goal. In these two verses the Teacher shows the process of discrimination, by which one attains knowledge of the subtle Self. Beginning with the sense-organs, he leads up to the less and less gross, until he reaches that whic…",0,0.0,False,False,True,False,False,False,False,False,False,True,False,False,manual_section_review,,,,
advaita_paramananda_1919_upanishads,advaita,The Upanishads,advaita_paramananda_1919_upanishads:section:dde1666193b61b4e96e04338,,,root_text,,1,39,"As rain water, (falling) on the mountain top, runs down over the rocks on all sides; similarly, he who sees difference (between visible forms) runs after them in various directions.",0,0.0,False,False,True,False,False,False,False,False,False,True,False,False,manual_section_review,,,,
advaita_paramananda_1919_upanishads,advaita,The Upanishads,advaita_paramananda_1919_upanishads:section:e09d4f6a743857911bc047d2,,,root_text,,1,29,"But he who possesses right discrimination, whose mind is under control and always pure, he reaches that goal, from which he is not born again.",0,0.0,False,False,True,False,False,False,False,False,False,True,False,False,manual_section_review,,,,
advaita_paramananda_1919_upanishads,advaita,The Upanishads,advaita_paramananda_1919_upanishads:section:e1ca3cdaeb5c00414b58f60c,,,root_text,,1,48,"Nachiketas said: O Death, thou sayest that even the Devas had doubts about this, and that it is not easy to know. Another teacher like unto thee is not to be found. Therefore no other boon can be equal to this one.",0,0.0,False,False,True,False,False,False,False,False,False,True,False,False,manual_section_review,,,,
advaita_paramananda_1919_upanishads,advaita,The Upanishads,advaita_paramananda_1919_upanishads:section:e37cb6c8b6fc2344bf2b8f3a,,,root_text,,1,58,"Some Jivas (individual Souls) enter wombs to be embodied; others go into immovable forms, according to their deeds and knowledge. This text shows the application of the law of cause and effect to all forms of life. The thoughts and actions of the present life determine the future birth and environment.",0,0.0,False,False,True,False,False,False,False,False,False,True,False,False,manual_section_review,,,,
advaita_paramananda_1919_upanishads,advaita,The Upanishads,advaita_paramananda_1919_upanishads:section:e6135ac1062c8a8128962aaf,,,root_text,,1,30,"The intelligent man, who has heard and repeated the ancient story of Nachiketas, told by the Ruler of Death, is glorified in the world of Brahman.",0,0.0,False,False,True,False,False,False,False,False,False,True,False,False,manual_section_review,,,,
advaita_paramananda_1919_upanishads,advaita,The Upanishads,advaita_paramananda_1919_upanishads:section:e66800a2151e46c296a35f24,,,root_text,,1,30,"He cannot be attained by speech, by mind, or by the eye. How can That be realized except by him who says ""He is""?",0,0.0,False,False,True,False,False,False,False,False,False,True,False,False,manual_section_review,,,,
advaita_paramananda_1919_upanishads,advaita,The Upanishads,advaita_paramananda_1919_upanishads:section:e6c98cbca0380b26bd604f5e,,,root_text,,1,106,"That Brahman is called Tadvanam (object of adoration). He is to be worshipped by the name Tadvanam. He who knows Brahman thus, is loved by all beings. Brahman is the object of adoration and the goal of all beings. For this reason he should be worshipped and meditated upon as Tadvanam. Whoever knows Him in this aspect becomes one with Him, and serves as a clear channel through which the blessings…",0,0.0,False,False,True,False,False,False,False,False,False,True,False,False,manual_section_review,,,,
advaita_paramananda_1919_upanishads,advaita,The Upanishads,advaita_paramananda_1919_upanishads:section:ee8894320b66308f320342a4,,,root_text,,1,109,"He should be realized as ""He is"" and also as the reality of both (visible and invisible). He who knows Him as ""He is,"" to him alone His real nature is revealed. This supersensuous vision cannot be gained through man's ordinary faculties. By mind, eye, or speech the manifested attributes of the Divine can be apprehended; but only one who has acquired the supersensuous sight can directly perceive G…",0,0.0,False,False,True,False,False,False,False,False,False,True,False,False,manual_section_review,,,,
advaita_paramananda_1919_upanishads,advaita,The Upanishads,advaita_paramananda_1919_upanishads:section:f0eb457ead2c116d44c0e0b3,,,root_text,,1,102,"Who then can know where is this mighty Self? He (that Self) to whom the Brahmanas and Kshatriyas are but food and death itself a condiment. This text proclaims the glory and majesty of the Supreme. The Brahmanas stand for spiritual strength, the Kshatriyas for physical strength, yet both are overpowered by His mightiness. Life and death alike are food for Him. As the light of the great sun swallo…",0,0.0,False,False,True,False,False,False,False,False,False,True,False,False,manual_section_review,,,,
advaita_paramananda_1919_upanishads,advaita,The Upanishads,advaita_paramananda_1919_upanishads:section:f1350a94fd352da9ac75c10c,,,root_text,,1,43,"They (the wise) perceive that indescribable highest bliss, saying, This is That. How am I to know It? Does It shine (by Its own light) or does It shine (by reflected light)?",0,0.0,False,False,True,False,False,False,False,False,False,True,False,False,manual_section_review,,,,
advaita_paramananda_1919_upanishads,advaita,The Upanishads,advaita_paramananda_1919_upanishads:section:f42c8135ea3ada1c07e14125,,,root_text,,1,244,"Knowing That which is soundless, touchless, formless, undecaying; also tasteless, odorless, and eternal; beginningless, endless and immutable; beyond the Unmanifested: (knowing That) man escapes from the mouth of death. The Ruler of Death defines here the innermost essence of our being. Because of its extreme subtlety, it cannot be heard or felt or smelled or tasted like any ordinary object. It n…",0,0.0,False,False,True,False,False,False,False,False,False,True,False,False,manual_section_review,,,,
advaita_paramananda_1919_upanishads,advaita,The Upanishads,advaita_paramananda_1919_upanishads:section:f6e127e694b3ee95412928db,,,root_text,,1,48,"Nachiketas said: In the realm of heaven there is no fear, thou (Death) art not there; nor is there fear of old age. Having crossed beyond both hunger and thirst and being above grief, (they) rejoice in heaven.",0,0.0,False,False,True,False,False,False,False,False,False,True,False,False,manual_section_review,,,,
advaita_paramananda_1919_upanishads,advaita,The Upanishads,advaita_paramananda_1919_upanishads:section:f837e61b87355ab29cf1d2d4,,,root_text,,1,132,"The all-seeing fire which exists hidden in the two sticks, as the foetus is well-guarded in the womb by the mother, (that fire) is to be worshipped day after day by wakeful seekers (after wisdom), as well as by sacrificers. This verily is That. Fire is called all-seeing because its light makes everything visible. In Vedic sacrifices the altar fire was always kindled by rubbing together two sticks…",0,0.0,False,False,True,False,False,False,False,False,False,True,False,False,manual_section_review,,,,
advaita_paramananda_1919_upanishads,advaita,The Upanishads,advaita_paramananda_1919_upanishads:section:faa0e711ab938b31611927eb,,,root_text,,1,49,"Yama then told him that fire-sacrifice, the beginning of all the worlds; what bricks, how many and how laid for the altar. Nachiketas repeated all as it was told to him. Then Death, being pleased with him, again said:",0,0.0,False,False,True,False,False,False,False,False,False,True,False,False,manual_section_review,,,,
advaita_paramananda_1919_upanishads,advaita,The Upanishads,advaita_paramananda_1919_upanishads:section:fb85eb2f0c2605beeb00415b,,,root_text,,1,88,"Knowing that the senses are distinct (from the Atman) and their rising and setting separate (from the Atman), a wise man grieves no more. A wise man never confounds the Atman, which is birthless and deathless, with that which has beginning and end. Therefore, when he sees his senses and his physical organism waxing and waning, he knows that his real Self within can never be affected by these oute…",0,0.0,False,False,True,False,False,False,False,False,False,True,False,False,manual_section_review,,,,
advaita_paramananda_1919_upanishads,advaita,The Upanishads,advaita_paramananda_1919_upanishads:section:fc25bfa413b2478cb453a513,,,root_text,,1,24,"By Vidya one end is attained; by Avidya, another. Thus we have heard from the wise men who taught this.",0,0.0,False,False,True,False,False,False,False,False,False,True,False,False,manual_section_review,,,,
advaita_paramananda_1919_upanishads,advaita,The Upanishads,advaita_paramananda_1919_upanishads:section:fe395ad49ea15146ef768b1d,,,root_text,,1,44,"That by which one knows form, taste, smell, sound, touch and sense enjoyments, by That also one knows whatever remains (to be known). This verily is That (which thou hast asked to know).",0,0.0,False,False,True,False,False,False,False,False,False,True,False,False,manual_section_review,,,,
advaita_paramananda_1919_upanishads,advaita,The Upanishads,advaita_paramananda_1919_upanishads:section:fe7ee1c5550a8ac76c557ec1,,,root_text,,1,36,"That which cannot be thought by mind, but by which, they say, mind is able to think: know that alone to be the Brahman, not this which people worship here.",0,0.0,False,False,True,False,False,False,False,False,False,True,False,False,manual_section_review,,,,
advaita_sankara_johnston_1946_crest_jewel,advaita,The Crest-Jewel of Wisdom and Other Writings of Sankaracharya,advaita_sankara_johnston_1946_crest_jewel:section:004959bf5e5367f9b89d0865,,,root_text,,2,328,"sumed by fire, but the earth itself remains the same. So the body, powers, life, breath and mind and all things visible, are burned up by the fire of wisdom, leav¬ ing the being of the higher Self alone. As the darkness, that is its opposite, is melted away in the radiance of the sun, so, indeed, all things visible are melted away in the Eternal. As, when the jar is broken, the space in it become…",0,0.0,False,False,True,False,False,False,False,False,False,True,False,False,manual_section_review,,,,
advaita_sankara_johnston_1946_crest_jewel,advaita,The Crest-Jewel of Wisdom and Other Writings of Sankaracharya,advaita_sankara_johnston_1946_crest_jewel:section:032020a1ebba683825f0a2f8,,,root_text,,2,331,"51 Give up at once the thought of “I” in the action of the selfish personality, in the changeful self, which is but a reflection of the real Self, destroying rest in the Self; from falsely attributing reality to which are in¬ curred birth and death and old age, fruitful in sorrow, the pilgrimage of the soul; but reality belongs to the hidden Self, whose form is consciousness, whose body is bliss;…",0,0.0,False,False,True,False,False,False,False,False,False,True,False,False,manual_section_review,,,,
advaita_sankara_johnston_1946_crest_jewel,advaita,The Crest-Jewel of Wisdom and Other Writings of Sankaracharya,advaita_sankara_johnston_1946_crest_jewel:section:050c44161594fa5ff729ab5a,,,root_text,,2,340,"Then comes loss of knowledge of one’s real being, and he who has lost it falls; and destruction of him who thus falls is seen, but not restoration. Let him put away the wilful motions of the mind, the cause of every evil act; he who has unity in life, has unity after his body is gone. The scripture of sentences says that he who beholds difference has fear. Whenever even a wise man beholds differe…",0,0.0,False,False,True,False,False,False,False,False,False,True,False,False,manual_section_review,,,,
advaita_sankara_johnston_1946_crest_jewel,advaita,The Crest-Jewel of Wisdom and Other Writings of Sankaracharya,advaita_sankara_johnston_1946_crest_jewel:section:06a7d80b79f4e3072517acc1,,,root_text,,1,264,"123 lace, a house and such things separated from one’s self, are recognized as possessions, so the Five Veils and the Vestures, recognized as possessions, are not the Self (the Possessor). What then, is the Self? — It is that whose own-nature is Being, Conscious¬ ness, Bliss. What is Being? — What stands through the Three Times (Present, Past, Future) — this is Being. What is Consciousness? — The…",0,0.0,False,False,True,False,False,False,False,False,False,True,False,False,manual_section_review,,,,
advaita_sankara_johnston_1946_crest_jewel,advaita,The Crest-Jewel of Wisdom and Other Writings of Sankaracharya,advaita_sankara_johnston_1946_crest_jewel:section:08cd76813228a54d50b1c074,,,appendix,,1,224,"ra’s city in search of an answer. He traveled for some time with his disciples and came at length to a forest. Now it so happened that a certain king named Amaraka lay dying here at the foot of a tree surrounded by many friends mourning his departure. As the soul of the dying man took flight an unusual thing happened. Sankara left his own body, entrusting it to the care of his disciples. He enter…",0,0.0,False,False,True,False,False,False,False,False,False,True,False,False,manual_section_review,,,,
advaita_sankara_johnston_1946_crest_jewel,advaita,The Crest-Jewel of Wisdom and Other Writings of Sankaracharya,advaita_sankara_johnston_1946_crest_jewel:section:0a61ca038f930870d0692d33,,,root_text,,2,305,"127 tive natures — one part of each — these parts are each first divided in two; then one half of each part is left alone, on one side, while the other halves of each are each divided into four. Then to the half of each nature, is joined the fourth of the half [the eighth] of each of the other natures. And thus five-folding is made. From these five primitive natures, thus five-folded, the physica…",0,0.0,False,False,True,False,False,False,False,False,False,True,False,False,manual_section_review,,,,
advaita_sankara_johnston_1946_crest_jewel,advaita,The Crest-Jewel of Wisdom and Other Writings of Sankaracharya,advaita_sankara_johnston_1946_crest_jewel:section:0ce798863a06eaf34dce22ae,,,root_text,,2,310,"the oneness of the Eternal and the Self, to confirm the Self in the Eternal, make an end of transferring self¬ hood to things not Self. While there yet lingers a residue undissolved of the thought that this body is the Self, carefully seeking union with the Self, make an end of transferring self¬ hood to things not Self. As long as the thought of separate life and the world shines, dreamlike even…",0,0.0,False,False,True,False,False,False,False,False,False,True,False,False,manual_section_review,,,,
advaita_sankara_johnston_1946_crest_jewel,advaita,The Crest-Jewel of Wisdom and Other Writings of Sankaracharya,advaita_sankara_johnston_1946_crest_jewel:section:10cd47991a18b45e4f4dfea9,,,root_text,,2,277,"these are divided, but is beheld as one when the ves¬ tures are destroyed. Through this difference of vesture, race, name, and home are attributed to the Self, as difference of taste and color to pure water. Built up of fivefold-mingled elements through ac¬ cumulated works is the physical vesture, the place where pleasure and pain are tasted. Holding the five life-breaths, mind, reason, and the t…",0,0.0,False,False,True,False,False,False,False,False,False,True,False,False,manual_section_review,,,,
advaita_sankara_johnston_1946_crest_jewel,advaita,The Crest-Jewel of Wisdom and Other Writings of Sankaracharya,advaita_sankara_johnston_1946_crest_jewel:section:13e2347e437007fc05e159ae,,,root_text,,2,332,"which is detached, not involved in actions, and dissolv¬ ing all in the Self, he who stands thus, has attained liberation. The Vesture formed of Food (Verses 154 — 164) The food-formed vesture is this body, which comes into being through food, which lives by food, which perishes without food. It is formed of cuticle, skin, flesh, blood, bone, water; this is not worthy to be the Self, eternally pu…",0,0.0,False,False,True,False,False,False,False,False,False,True,False,False,manual_section_review,,,,
advaita_sankara_johnston_1946_crest_jewel,advaita,The Crest-Jewel of Wisdom and Other Writings of Sankaracharya,advaita_sankara_johnston_1946_crest_jewel:section:15a1c9c1e4c9f06dc9b842b0,,,root_text,,2,347,"147 Sankara, following the Upanishads, calls the Eternal; and that the forms of representation of Schopenhauer’s system, correspond to the World-glamor, or Maya, of Indian thought. And it is further clear that the will- toward-life, or desire for sensuous existence, of the one system, is very close to the personal idea, or egotism, of the other. Whoever is acquainted with the two systems, can poi…",0,0.0,False,False,True,False,False,False,False,False,False,True,False,False,manual_section_review,,,,
advaita_sankara_johnston_1946_crest_jewel,advaita,The Crest-Jewel of Wisdom and Other Writings of Sankaracharya,advaita_sankara_johnston_1946_crest_jewel:section:17d9ba22f61657522bbe43a1,,,appendix,,2,306,"A Symposium on the Life of Sankaracharya . 155 Introductory by Charles Johnston Sankara, the Teacher > T , he Upanishads, Buddha, and Sankara: these are the three great lights of Indian wisdom. The Upani¬ shads far away in the golden age; in the bright dawn that has faded so many ages ago. Buddha, the Awakened One, who, catching in his clear spirit the glow of that early dawn, sought to reflect i…",0,0.0,False,False,True,False,False,False,False,False,False,True,False,False,manual_section_review,,,,
advaita_sankara_johnston_1946_crest_jewel,advaita,The Crest-Jewel of Wisdom and Other Writings of Sankaracharya,advaita_sankara_johnston_1946_crest_jewel:section:17ea6814ec33bc64cdfe5e5a,,,root_text,,2,357,"planned; for as they stood before the supposed King Ama- raka in the great hall of the palace, not only were those who listened spellbound by their marvelous music, but its pel¬ lucid strains stole into the inner consciousness of Sankara- charya. Before the bewildered attendants knew what had befallen, Sankaracharya gratefully dismissed the singers and released himself from the corporeal chains t…",0,0.0,False,False,True,False,False,False,False,False,False,True,False,False,manual_section_review,,,,
advaita_sankara_johnston_1946_crest_jewel,advaita,The Crest-Jewel of Wisdom and Other Writings of Sankaracharya,advaita_sankara_johnston_1946_crest_jewel:section:1976327e36ce6499a46ce7cc,,,root_text,,2,337,"77 I am neither the doer nor enjoyer; mine are neither change nor act. I am in nature pure awakening. I am the lonely One, august for ever. [490] I am apart from the personal self that sees, hears, speaks, acts, and enjoys; everlasting, innermost, with¬ out act; the limitless, unbound, perfect Self awakened. I am neither this nor that; I am even he who illu¬ mines both, the supreme, the pure; for…",0,0.0,False,False,True,False,False,False,False,False,False,True,False,False,manual_section_review,,,,
advaita_sankara_johnston_1946_crest_jewel,advaita,The Crest-Jewel of Wisdom and Other Writings of Sankaracharya,advaita_sankara_johnston_1946_crest_jewel:section:19b93fcb05e4a4c5fbe6ef19,,,root_text,,3,634,"arid, curiously enough, the root of it is — fear; the cow¬ ering fear of the personal self, before the menacing forces of the world; the desperate, and — infallible accompani¬ ment of cowardice — remorselessly cruel determination to build up a triple rampart of possessions between the personality and the mutability of things. The whole cause of the race for wealth, the cursed hunger for gold, is…",0,0.0,False,False,True,False,False,False,False,False,False,True,False,False,manual_section_review,,,,
advaita_sankara_johnston_1946_crest_jewel,advaita,The Crest-Jewel of Wisdom and Other Writings of Sankaracharya,advaita_sankara_johnston_1946_crest_jewel:section:1be8ff9f194c10d3647d1078,,,root_text,,2,329,"self; but must necessarily be unreal and transient. We are the ray of consciousness, and not the image of the body which it lights up, and which, thus lit up, we call our personality. And here we come to one point of the highest interest, in the present work: its central ideas anticipate, almost in the same words, the most original teachings of German philosophy. Hence a right understanding of it…",0,0.0,False,False,True,False,False,False,False,False,False,True,False,False,manual_section_review,,,,
advaita_sankara_johnston_1946_crest_jewel,advaita,The Crest-Jewel of Wisdom and Other Writings of Sankaracharya,advaita_sankara_johnston_1946_crest_jewel:section:1e649ad2030cdf67869c58ab,,,root_text,,2,471,"end; how then can there be liberation? Master, tell me this. The Master Answers Well hast thou asked, O wise one! Therefore rightly hear! A false imagination created by error is not con¬ clusive proof. Only through delusion can there be an association with objects, of that which is without attachment, with¬ out action, without form; it is like the association of blueness with the sky. The appeara…",0,0.0,False,False,True,False,False,False,False,False,False,True,False,False,manual_section_review,,,,
advaita_sankara_johnston_1946_crest_jewel,advaita,The Crest-Jewel of Wisdom and Other Writings of Sankaracharya,advaita_sankara_johnston_1946_crest_jewel:section:2433478db24db2b37d16b71a,,,root_text,,2,324,"One which is reflected in the three modes, self-shining, is perceived by the wise. Putting away in thought body and intellect as alike reflections of consciousness, discerning the seer, hid in the secret place, the Self, the partless awakening, the universal shining, distinguished alike from what exists and what does not exist; the eternal lord, all¬ present, very subtle, devoid of within and wit…",0,0.0,False,False,True,False,False,False,False,False,False,True,False,False,manual_section_review,,,,
advaita_sankara_johnston_1946_crest_jewel,advaita,The Crest-Jewel of Wisdom and Other Writings of Sankaracharya,advaita_sankara_johnston_1946_crest_jewel:section:289292c235791d1af36bbff1,,,root_text,,2,306,"and happiness, are to be known by one’s self; the know¬ ing of others is but inference. As the teachers, who have reached the further shore, and the teachings tell, let a man cross over through that enlightenment which comes through the will of the higher Self. Knowing the Self through one’s own realization, as one’s own partless Self, and being perfected, let him stand firm in the unwavering Sel…",0,0.0,False,False,True,False,False,False,False,False,False,True,False,False,manual_section_review,,,,
advaita_sankara_johnston_1946_crest_jewel,advaita,The Crest-Jewel of Wisdom and Other Writings of Sankaracharya,advaita_sankara_johnston_1946_crest_jewel:section:29a1183c57b388486222d396,,,root_text,,2,491,"103 they suffered much from European nations more pre¬ sumptuous and not less fanatical than Aurungzeb; of these the darkest record clings to the Portuguese, who tried to wring from the Brahmans the heart of their mystery by Inquisition and auto-da-fe. Yet, once more, just a hundred years ago when a group of Europeans full of love for the East, sought from the Brahmans some knowledge of their lea…",0,0.0,False,False,True,False,False,False,False,False,False,True,False,False,manual_section_review,,,,
advaita_sankara_johnston_1946_crest_jewel,advaita,The Crest-Jewel of Wisdom and Other Writings of Sankaracharya,advaita_sankara_johnston_1946_crest_jewel:section:2a8d763a09b1f2b718f3593c,,,root_text,,2,319,"power of the Self; therefore this form is pre-eminent in waking life. But know that this physical body wherein the whole circling life of the Spirit adheres, is but as the dwelling of the lord of the dwelling. Birth and age and death are the fate of the physical and all the physical changes from childhood onward; of the physical body only are caste and grade with their many homes, and differences…",0,0.0,False,False,True,False,False,False,False,False,False,True,False,False,manual_section_review,,,,
advaita_sankara_johnston_1946_crest_jewel,advaita,The Crest-Jewel of Wisdom and Other Writings of Sankaracharya,advaita_sankara_johnston_1946_crest_jewel:section:2b29b930d03306710c876b00,,,root_text,,2,324,"it should be known by anything else. A light does not need another light; it shines of itself. Putting all veils aside, saying ‘it is not this! it is not this!’ one must find the real unity of the habitual Self and the Supreme Self, according to the words of wisdom. All outward things, the vestures and the rest, spring from unwisdom; they are fugitive as bubbles. One must find the changeless, spo…",0,0.0,False,False,True,False,False,False,False,False,False,True,False,False,manual_section_review,,,,
advaita_sankara_johnston_1946_crest_jewel,advaita,The Crest-Jewel of Wisdom and Other Writings of Sankaracharya,advaita_sankara_johnston_1946_crest_jewel:section:2bbc9d1a5b4d07633003f570,,,root_text,,2,284,"When attributing itself to the Causal Vesture, the Self is called the Intuitional. The Five Veils What are the Five Veils? — The Food-formed; the Life-formed; the Emotion- formed; the Knowledge-formed; the Bliss-formed. What is the Food-formed? — Coming into being through the essence of food, getting its growth through the essence of food, in the food-formed world it is again dispersed, this is t…",0,0.0,False,False,True,False,False,False,False,False,False,True,False,False,manual_section_review,,,,
advaita_sankara_johnston_1946_crest_jewel,advaita,The Crest-Jewel of Wisdom and Other Writings of Sankaracharya,advaita_sankara_johnston_1946_crest_jewel:section:2bd97ef9e5fb14b3ce1692d2,,,root_text,,1,294,"89 the thing itself; just as they attribute the cloud-born cutting off of vision to the sun; for the unchanging is secondless consciousness, free from every clinging stain. The belief that bondage of the Real, is, and the be¬ lief that it has ceased, are both mere things of thought; not of the everlasting Real. Therefore these two, glamor-built, bondage and the getting rid of bonds, exist not in…",0,0.0,False,False,True,False,False,False,False,False,False,True,False,False,manual_section_review,,,,
advaita_sankara_johnston_1946_crest_jewel,advaita,The Crest-Jewel of Wisdom and Other Writings of Sankaracharya,advaita_sankara_johnston_1946_crest_jewel:section:2d92cd35a14791d7088ada7c,,,root_text,,1,299,"This growing interest and enthusiasm for India — an enthusiasm at first almost instinctive, but gradually quickened by advancing knowledge — is especially felt today in the two most idealistic nations in the West, the Americans and the Germans. For with all their sense of practical life and practical development, the Americans and Germans are at heart idealists; ready to sacrifice all their pract…",0,0.0,False,False,True,False,False,False,False,False,False,True,False,False,manual_section_review,,,,
advaita_sankara_johnston_1946_crest_jewel,advaita,The Crest-Jewel of Wisdom and Other Writings of Sankaracharya,advaita_sankara_johnston_1946_crest_jewel:section:2fd30c18baa6b814051f3012,,,root_text,,2,325,"sual things, this is the limit of purity; when the per¬ sonal idea does not arise, this is the limit of illumina¬ tion. When life-activity that has been dissolved does not arise again, this is the limit of quiescence. He whose thought is free from outward objects, through standing ever in the nature of the Eternal, who is as lightly concerned with the enjoyment of sensual things followed by other…",0,0.0,False,False,True,False,False,False,False,False,False,True,False,False,manual_section_review,,,,
advaita_sankara_johnston_1946_crest_jewel,advaita,The Crest-Jewel of Wisdom and Other Writings of Sankaracharya,advaita_sankara_johnston_1946_crest_jewel:section:30d71258162846f95e32b2d8,,,root_text,,2,298,"11 lasting and unlasting. Next Dispassion, the indifference to self-indulgence here and in paradise. Then the Six Graces, beginning with Restfulness. Then the longing for Freedom. A certainty like this — the Eternal is real, the fleet¬ ing world is unreal; — this is that Discernment between things lasting and unlasting. And this is Dispassion — a perpetual willingness to give up all sensual self-…",0,0.0,False,False,True,False,False,False,False,False,False,True,False,False,manual_section_review,,,,
advaita_sankara_johnston_1946_crest_jewel,advaita,The Crest-Jewel of Wisdom and Other Writings of Sankaracharya,advaita_sankara_johnston_1946_crest_jewel:section:318389a55af2329889ad09f8,,,root_text,,3,491,"final setting, of hidden nature, perceived in secret, the Real, Wisdom, Bliss, and formed of bliss, is the second- less Eternal; and what that is, I am. Without act am I, without change, without division, without form; without wavering am I, everlasting am I, resting on naught else, and secondless. I am altogether the Self, I am the All; I transcend all; there is none but me. I am pure, partless…",0,0.0,False,False,True,False,False,False,False,False,False,True,False,False,manual_section_review,,,,
advaita_sankara_johnston_1946_crest_jewel,advaita,The Crest-Jewel of Wisdom and Other Writings of Sankaracharya,advaita_sankara_johnston_1946_crest_jewel:section:3190160c5dea1cf85e28356f,,,root_text,,1,298,"47 it, it is more and more freed from outward imaginings; when imaginings are put away, and no residue left, he enters and becomes the Self, pure of all bonds. Selfhood Transferred to Things not Self (Verses 277 — 298) By resting ever in the Self, the restless mind of him who seeks union is stilled, and all imaginings fade away; therefore make an end of transferring Selfhood to things not Self. D…",0,0.0,False,False,True,False,False,False,False,False,False,True,False,False,manual_section_review,,,,
advaita_sankara_johnston_1946_crest_jewel,advaita,The Crest-Jewel of Wisdom and Other Writings of Sankaracharya,advaita_sankara_johnston_1946_crest_jewel:section:32f9672d9dbe1f0811b2552c,,,root_text,,1,296,"controlled/’ teaches the ecstasy of the ascetic, whose work is the study of wisdom, to the end of gaining the All-self. The destruction of personality which has risen up in power cannot be done at once, even by the learned, except those who are immovably fixed in the ecstasy which no doubt can assail, for the mind-images are of endless rebirth. Binding a man with the delusion of belief in his per…",0,0.0,False,False,True,False,False,False,False,False,False,True,False,False,manual_section_review,,,,
advaita_sankara_johnston_1946_crest_jewel,advaita,The Crest-Jewel of Wisdom and Other Writings of Sankaracharya,advaita_sankara_johnston_1946_crest_jewel:section:34170ed09bd3d5d869ececdc,,,root_text,,1,260,"121 of Beings; thus the radiations of the powers of doing. Voice’s business is speaking; Hands’ business is grasp¬ ing things; Feet’s business is going; Putting-forth’s business is removing waste; Generating’s business is physical enjoying. What is the Causal Vesture? — Being formed through ineffable, beginningless unwisdom, it is the Substance and Cause of the two Vestures; though unknowing as t…",0,0.0,False,False,True,False,False,False,False,False,False,True,False,False,manual_section_review,,,,
advaita_sankara_johnston_1946_crest_jewel,advaita,The Crest-Jewel of Wisdom and Other Writings of Sankaracharya,advaita_sankara_johnston_1946_crest_jewel:section:34813f31842b3e1787d2e712,,,root_text,,2,319,"Therefore beholding thyself everywhere, and con¬ sidering thyself as secondless, let the time go by for thee, mighty minded one, rejoicing in the bliss that is thine own. And wavering doubt in the Self of partless awakening which wavers not, is but of fancy’s building; therefore through the Self which is formed of secondless bliss, entering into lasting peace, adore in silence. In the silence is…",0,0.0,False,False,True,False,False,False,False,False,False,True,False,False,manual_section_review,,,,
advaita_sankara_johnston_1946_crest_jewel,advaita,The Crest-Jewel of Wisdom and Other Writings of Sankaracharya,advaita_sankara_johnston_1946_crest_jewel:section:3522bf23eed9e20f5073316a,,,root_text,,2,328,"25 in waking, dreaming, dreamlessness; of all the activi¬ ties of the knowing soul, whether good or bad — this is the “I”; Who of himself beholds all; whom none beholds; who kindles to consciousness the knowing soul and all the powers; whom none kindles to consciousness; by whom all this is filled; whom no other fdls; who is the shining light within this all; after whose shining all else shines;…",0,0.0,False,False,True,False,False,False,False,False,False,True,False,False,manual_section_review,,,,
advaita_sankara_johnston_1946_crest_jewel,advaita,The Crest-Jewel of Wisdom and Other Writings of Sankaracharya,advaita_sankara_johnston_1946_crest_jewel:section:35fceb10af854b3765314f3e,,,root_text,,2,310,"This task of fitting the Brahman order to carry the torch of wisdom was undertaken by Sankara the Teach¬ er in three ways. First, by commenting on the Great Upanishads and the Bhagavad Gita, he rendered the knowledge of the Golden Age into the thought and lan¬ guage of the Brahmans of his day. Second, by writing a series of preparatory works, of catechisms and man¬ uals, he made smooth the path o…",0,0.0,False,False,True,False,False,False,False,False,False,True,False,False,manual_section_review,,,,
advaita_sankara_johnston_1946_crest_jewel,advaita,The Crest-Jewel of Wisdom and Other Writings of Sankaracharya,advaita_sankara_johnston_1946_crest_jewel:section:3712a3952ee7d12fc28c3fac,,,root_text,,3,663,"with, its two potencies of extension and limitation. Through the power of limitation, it hides the former self and world, and so builds up a new self and a new world. As this new self and world are real only so long as their appearance lasts, they are called the imaginary self and the imaginary world. For, when one has awakened from the dream, the dream existence never comes back again. The imagi…",0,0.0,False,False,True,False,False,False,False,False,False,True,False,False,manual_section_review,,,,
advaita_sankara_johnston_1946_crest_jewel,advaita,The Crest-Jewel of Wisdom and Other Writings of Sankaracharya,advaita_sankara_johnston_1946_crest_jewel:section:37595f9252fbd18632e91f1b,,,root_text,,2,335,"79 Like the sun which witnesses the act, like the tongued flame that leads the conflagration, like the rope that holds what is raised; thus am I, standing on the summit, the conscious Self. I am neither the actor, nor the causer of acts; I am neither he who enjoys, nor he who brings enjoyment; I am neither the seer, nor he who gives sight; I am the unequalled Self, self-luminous. When the disguis…",0,0.0,False,False,True,False,False,False,False,False,False,True,False,False,manual_section_review,,,,
advaita_sankara_johnston_1946_crest_jewel,advaita,The Crest-Jewel of Wisdom and Other Writings of Sankaracharya,advaita_sankara_johnston_1946_crest_jewel:section:3875aedef84d5612047dc171,,,root_text,,2,293,"through substance and the other two potencies, it reaches expansion in the three modes. When sensuous things have affinity with it, it is happy; when the contrary, unhappy. So happiness and unhappiness are properties of this, and not of the Self which is perpetual bliss. Sensuous things are dear for the sake of the self, and not for their own sake; and therefore the Self it¬ self is dearest of al…",0,0.0,False,False,True,False,False,False,False,False,False,True,False,False,manual_section_review,,,,
advaita_sankara_johnston_1946_crest_jewel,advaita,The Crest-Jewel of Wisdom and Other Writings of Sankaracharya,advaita_sankara_johnston_1946_crest_jewel:section:38f2022af2a305d8f6131c84,,,root_text,,2,330,"23 ings. The self of doing belongs to force, whose power is extension, whence the pre-existent activities issued; rage and all the changes of the mind that cause sorrow are ever its results. Desire, wrath, greed, vanity, malice, self-assertion, jealousy, envy, are the terrible works of Force, its acti¬ vities in man; therefore this is the cause of bondage. Then enveloping is the power of Darkness…",0,0.0,False,False,True,False,False,False,False,False,False,True,False,False,manual_section_review,,,,
advaita_sankara_johnston_1946_crest_jewel,advaita,The Crest-Jewel of Wisdom and Other Writings of Sankaracharya,advaita_sankara_johnston_1946_crest_jewel:section:398699a3fb9a35cd7edfa5e9,,,root_text,,2,300,"99 carry down. The casket in which were held the records of the past had always its lining of precious metal, though the outside might rust and tarnish with the pass¬ ing ages. The greatest of these followers of that high idea, in later days, within the Brahman caste, was Sankara- charya, the Brahman Sage of Southern India. It is hard to say, with certainty, when Sankara lived; but the records of…",0,0.0,False,False,True,False,False,False,False,False,False,True,False,False,manual_section_review,,,,
advaita_sankara_johnston_1946_crest_jewel,advaita,The Crest-Jewel of Wisdom and Other Writings of Sankaracharya,advaita_sankara_johnston_1946_crest_jewel:section:3b926fcfdbc85289117130d5,,,root_text,,2,315,"and mission of Sankaracharya. Believing that this preservation should be helped and seconded by what¬ ever aids selective race genius and hereditary capacity could give, he confined the transmission of this wisdom, and of the records which contained it, entirely within the Brahman order, as far as our knowledge goes. There is evidence that, among the Brahmans of South¬ ern India in early days, we…",0,0.0,False,False,True,False,False,False,False,False,False,True,False,False,manual_section_review,,,,
advaita_sankara_johnston_1946_crest_jewel,advaita,The Crest-Jewel of Wisdom and Other Writings of Sankaracharya,advaita_sankara_johnston_1946_crest_jewel:section:3bb0c178173e3472f869e235,,,root_text,,2,321,"97 pletely into the hands of the Brahmans. The Brahmans, sensible of their great mission, prepared themselves to carry it out by forming a high ideal of life; by strict rules of conduct and discipline which only the highest characters could support; and the very strictness of which seems to have produced a reaction which we see traces of in Buddha’s days. The life of the Brahman was conceived and…",0,0.0,False,False,True,False,False,False,False,False,False,True,False,False,manual_section_review,,,,
advaita_sankara_johnston_1946_crest_jewel,advaita,The Crest-Jewel of Wisdom and Other Writings of Sankaracharya,advaita_sankara_johnston_1946_crest_jewel:section:3cf61f23210f08b68ee5580b,,,root_text,,1,229,"poetical form and splendid imagery of works like the “Awakening to the Self.” What we shall find, is lu¬ cidity, accuracy, grasp, coherence; but not poetical beauty. Thus is begun: The Awakening to Reality I ryio the Master, the World-Soul, the Master of seekers A for union, obeisance; to the teacher, the giver of wisdom. To fulfill love for those who would be free, this Awakening to Reality is a…",0,0.0,False,False,True,False,False,False,False,False,False,True,False,False,manual_section_review,,,,
advaita_sankara_johnston_1946_crest_jewel,advaita,The Crest-Jewel of Wisdom and Other Writings of Sankaracharya,advaita_sankara_johnston_1946_crest_jewel:section:3e720d5608cb4a7e7c850f95,,,root_text,,2,335,"cause of the Celestial and other worlds; the disguise of the individual life is the group of five veils — hear this now: These are the two disguises, of the Supreme and the individual life; when they are set aside together, there is no longer the Supreme nor the individual life. The king has his kingdom, the warrior his weapons; when these are put away there is neither warrior nor king. According…",0,0.0,False,False,True,False,False,False,False,False,False,True,False,False,manual_section_review,,,,
advaita_sankara_johnston_1946_crest_jewel,advaita,The Crest-Jewel of Wisdom and Other Writings of Sankaracharya,advaita_sankara_johnston_1946_crest_jewel:section:40b87ea45f690de2d618120d,,,root_text,,3,587,"49 ing that, let a man put off this false body of desires, worn by the Self as a player puts on a costume. For the Self, all that is seen is but mirage; it lasts but for a moment, we see, and know it is not “I”; how could “I know all” be said of the personal self that changes every moment? The real “I” is witness of the personal self and its powers; as its being is perceived always, even in dream…",0,0.0,False,False,True,False,False,False,False,False,False,True,False,False,manual_section_review,,,,
advaita_sankara_johnston_1946_crest_jewel,advaita,The Crest-Jewel of Wisdom and Other Writings of Sankaracharya,advaita_sankara_johnston_1946_crest_jewel:section:41932ac33d55b03da59050b2,,,root_text,,2,306,"113 nal, the unchanging One is beheld by the wise; the aboriginal, partless joy; let him affirm that this is the Eternal. As partakers in the bliss of that partless, blissful One, the Evolver and all the powers enjoy their bliss as dependents. Every being is bound to the Eternal; every movement follows the Eternal; the all-embracing Eternal is in all, as curd is in all milk. Nor small nor great n…",0,0.0,False,False,True,False,False,False,False,False,False,True,False,False,manual_section_review,,,,
advaita_sankara_johnston_1946_crest_jewel,advaita,The Crest-Jewel of Wisdom and Other Writings of Sankaracharya,advaita_sankara_johnston_1946_crest_jewel:section:41facf8bb486442bbdbed8c9,,,root_text,,3,543,"How can charms or medicine help him without the medicine of the knowledge of the Eternal? “Sickness is not cured by saying ‘Medicine,’ but by drinking it. So a man is not set free by the name of the Eternal without discerning the Eternal. “Without piercing through the visible, without know¬ ing the reality of the Self, how can men gain Freedom by mere outward words that end with utterances? “Can…",0,0.0,False,False,True,False,False,False,False,False,False,True,False,False,manual_section_review,,,,
advaita_sankara_johnston_1946_crest_jewel,advaita,The Crest-Jewel of Wisdom and Other Writings of Sankaracharya,advaita_sankara_johnston_1946_crest_jewel:section:43b4ed2fc9f2174800b4de4f,,,root_text,,1,223,"119 — Peace; Self-Control; Steadiness; Sturdiness; Con¬ fidence; Intentness. What is Peace? — A firm hold on emotion. What is Self-Control? — A firm hold on the lust of the eyes and the out¬ ward powers. What is Steadiness? — A following out of one’s own genius. What is Sturdiness? — A readiness to bear opposing forces, like cold and heat, pleasure and pain. What is Confidence? — Confidence is a…",0,0.0,False,False,True,False,False,False,False,False,False,True,False,False,manual_section_review,,,,
advaita_sankara_johnston_1946_crest_jewel,advaita,The Crest-Jewel of Wisdom and Other Writings of Sankaracharya,advaita_sankara_johnston_1946_crest_jewel:section:44a6f4252c3db6e04218251e,,,root_text,,2,309,"shaken enjoyment of the essence of bliss in the Eternal for ever, for him who seeks union; therefore the check¬ ing of the imagination is ever to be practiced effort- fully, O ascetic! Hold voice in the self, hold the self in intellect, hold intellect in the witness of intellect, and, merging the witness in the perfect Self, enjoy supreme peace. The seeker for union shares the nature of each dis¬…",0,0.0,False,False,True,False,False,False,False,False,False,True,False,False,manual_section_review,,,,
advaita_sankara_johnston_1946_crest_jewel,advaita,The Crest-Jewel of Wisdom and Other Writings of Sankaracharya,advaita_sankara_johnston_1946_crest_jewel:section:4b2c01d0eb72c32a07c90a6a,,,root_text,,2,359,"he knew not what. After a time he found himself at the opening of the cave in the hillside where dwelt the sage Govind Yati. Straightway he became the pupil of the wise man and was taught the four great truths of Brahma, name¬ ly: Knowledge is Brahma, the soul is Brahma, Thou art That, and I am Brahma . Then one day as Govind Yati was immersed in contemplation a furious tempest arose. Violent thu…",0,0.0,False,False,True,False,False,False,False,False,False,True,False,False,manual_section_review,,,,
advaita_sankara_johnston_1946_crest_jewel,advaita,The Crest-Jewel of Wisdom and Other Writings of Sankaracharya,advaita_sankara_johnston_1946_crest_jewel:section:504a05c8587eb6e6a01ac841,,,root_text,,3,595,"129 of the wise, after wisdom is won, are called ‘deeds to come.’ And what of ‘deeds accumulated’? The deeds that are waiting to be done, sprung from seeds sown in endless myriads of births, are ‘deeds accumulated.’ And what are ‘deeds entered on’? The deeds that give joy and sorrow here in the world, in this vesture, are ‘deeds entered on.’ Through experiencing them they reach cessation; for the…",0,0.0,False,False,True,False,False,False,False,False,False,True,False,False,manual_section_review,,,,
advaita_sankara_johnston_1946_crest_jewel,advaita,The Crest-Jewel of Wisdom and Other Writings of Sankaracharya,advaita_sankara_johnston_1946_crest_jewel:section:529622a99ff9910fec8b7a0d,,,root_text,,2,369,"Next, the emotional self, the “Radiant,” with its emotional Vesture, in the Dreaming world. Highest, the causal self, the “Intuitional,” with its causal Vesture, in the Dreamless world. It has exis¬ tence apart from the Eternal, owing only to the thin veil of illusion, which hides the identity of the One with the All. Thus, as to its own nature, it is unknowing; for, while believing itself One, i…",0,0.0,False,False,True,False,False,False,False,False,False,True,False,False,manual_section_review,,,,
advaita_sankara_johnston_1946_crest_jewel,advaita,The Crest-Jewel of Wisdom and Other Writings of Sankaracharya,advaita_sankara_johnston_1946_crest_jewel:section:563b0d0c308655e3c5f4aef2,,,root_text,,2,316,"is the cessation of the pain engendered by the propelling power. The triple error is understood by knowing the real nature of the rope; therefore the reality of things is to be known by the wise to the end of freedom from bondage. As iron from union with fire, so, from union with the real, thought expands as material things; hence the triple effect of this, seen in delusion, dream, desire, is but…",0,0.0,False,False,True,False,False,False,False,False,False,True,False,False,manual_section_review,,,,
advaita_sankara_johnston_1946_crest_jewel,advaita,The Crest-Jewel of Wisdom and Other Writings of Sankaracharya,advaita_sankara_johnston_1946_crest_jewel:section:56a632b69a1273e3a7d9528e,,,root_text,,2,407,"133 Then, in conclusion, the three forms of ‘deeds’ or Karma. We may compare ‘accumulated deeds’ to capital; ‘deeds entered on,’ to interest; and ‘deeds to come,’ to the earnings of an unselfish man for the good of others. And we must remember that each of these has a debit as well as a credit side. The real value of this little treatise is as a key and outline of longer and more complicated work…",0,0.0,False,False,True,False,False,False,False,False,False,True,False,False,manual_section_review,,,,
advaita_sankara_johnston_1946_crest_jewel,advaita,The Crest-Jewel of Wisdom and Other Writings of Sankaracharya,advaita_sankara_johnston_1946_crest_jewel:section:5719ca3b6020886eeb5dd030,,,root_text,,3,585,"69 shadow, who has no sense of personality or possessions — these are the marks of him who is free in life. [430] Whose mind lingers not over the past, nor goes out after the future, when perfect equanimity is gained, this is the mark of him who is free even in life. In this world, whose very nature is full of differences, where quality and defect are distinguished, to regard all things everywher…",0,0.0,False,False,True,False,False,False,False,False,False,True,False,False,manual_section_review,,,,
advaita_sankara_johnston_1946_crest_jewel,advaita,The Crest-Jewel of Wisdom and Other Writings of Sankaracharya,advaita_sankara_johnston_1946_crest_jewel:section:594e24b4060b01412deec829,,,root_text,,2,336,"age of the world is destroyed; the checking of the out¬ ward is the path of freedom. Who, being learned, discerning between real and un¬ real, knowing the teaching of the scripture, and behold¬ ing the supreme object with understanding, would place his reliance on the unreal, even though longing to be free — like a child, compassing his own destruction. There is no freedom for him who is full of…",0,0.0,False,False,True,False,False,False,False,False,False,True,False,False,manual_section_review,,,,
advaita_sankara_johnston_1946_crest_jewel,advaita,The Crest-Jewel of Wisdom and Other Writings of Sankaracharya,advaita_sankara_johnston_1946_crest_jewel:section:5d5454d9393b318f139de633,,,root_text,,2,332,"95 we shall — it can hardly be doubted — have a picture of that great man and his times as perfect and full of color as the picture we have of Plato’s times, and the thought of Plato who, more than any other philosopher, resembles Sankara. What we know of Sankara already, though only a tithe of what we may know when old records are opened, is enough to give him a place amongst the choicest spirit…",0,0.0,False,False,True,False,False,False,False,False,False,True,False,False,manual_section_review,,,,
advaita_sankara_johnston_1946_crest_jewel,advaita,The Crest-Jewel of Wisdom and Other Writings of Sankaracharya,advaita_sankara_johnston_1946_crest_jewel:section:5dd662bb14e00e5a82d2a528,,,root_text,,2,333,Soul-vision is either fluctuating or unwavering; this is its two-fold division in the heart. Fluctuating soul- vision is again two-fold; it ma}r consist either in things seen or heard. This is the fluctuating soul-vision which consists in things seen: a meditating on consciousness as being merely the witness of the desires and passions that fill the mind. This is the fluctuating soul-vision which…,0,0.0,False,False,True,False,False,False,False,False,False,True,False,False,manual_section_review,,,,
advaita_sankara_johnston_1946_crest_jewel,advaita,The Crest-Jewel of Wisdom and Other Writings of Sankaracharya,advaita_sankara_johnston_1946_crest_jewel:section:6136d0e855affe4d49eab58d,,,root_text,,2,314,"life to the falling torrent of sorrow, of birth and death, of sickness and old age. Not by weapons nor arms, not by storm nor fire nor by a myriad deeds can this be cut off, without the sword of discernment and knowledge, very sharp and bright, through the grace of the guiding power. He who is single-minded, fixed on the word divine, his steadfast fulfilment of duty will make the knowing soul wit…",0,0.0,False,False,True,False,False,False,False,False,False,True,False,False,manual_section_review,,,,
advaita_sankara_johnston_1946_crest_jewel,advaita,The Crest-Jewel of Wisdom and Other Writings of Sankaracharya,advaita_sankara_johnston_1946_crest_jewel:section:61f1587a3ec425997c4473e2,,,root_text,,2,332,"Of the potency of Substance when mixed the proper¬ ties are self-respect, self-restraint, control, faith and love and the longing to be free, a godlike power and a turning back from the unreal. Of the potency of substance altogether pure the prop¬ erties are grace, direct perception of the Self, and per¬ fect peace; exulting gladness, a resting on the Self supreme, whereby he reaches the essence…",0,0.0,False,False,True,False,False,False,False,False,False,True,False,False,manual_section_review,,,,
advaita_sankara_johnston_1946_crest_jewel,advaita,The Crest-Jewel of Wisdom and Other Writings of Sankaracharya,advaita_sankara_johnston_1946_crest_jewel:section:656c51f3b5946fddcd573fde,,,root_text,,3,608,"73 tercd on is a mirage; whence can come the reality of a mere reflected image? whence can come the birth of an unreality? Whence can come the death of what has not even been born? Whence can come the entering on of what does not even exist? — if there be a melting away of the effects of unwisdom, root and all, through the power of wisdom. How does this body stand? In the case of him who takes in…",0,0.0,False,False,True,False,False,False,False,False,False,True,False,False,manual_section_review,,,,
advaita_sankara_johnston_1946_crest_jewel,advaita,The Crest-Jewel of Wisdom and Other Writings of Sankaracharya,advaita_sankara_johnston_1946_crest_jewel:section:67f4a42f73f383eb6dac4f36,,,root_text,,1,300,"ridding itself of the dross of substance, force and dark¬ ness, through meditation, enters into reality. When purified by the power of uninterrupted intent¬ ness, the mind is thus melted in the Eternal, then ec¬ stasy is purified of all doubt, and of itself enjoys the essence of secondless bliss. Through this ecstasy comes destruction of the knot of accumulated mind-images, destruction of all wor…",0,0.0,False,False,True,False,False,False,False,False,False,True,False,False,manual_section_review,,,,
advaita_sankara_johnston_1946_crest_jewel,advaita,The Crest-Jewel of Wisdom and Other Writings of Sankaracharya,advaita_sankara_johnston_1946_crest_jewel:section:6a3e894ec85eb8e8b7de03b1,,,root_text,,3,599,"45 reality, consciousness, joy, endless unfading — this is the Eternal, that thou art; become it in the Self. Let a man make it his own in the Self — like a word that is spoken, by reasoning from the known, by thought; this is as devoid of doubt as water in the hand, so certain will its reality become. Recognizing this perfectly illumined one, whose re¬ ality is altogether pure, as one recognizes…",0,0.0,False,False,True,False,False,False,False,False,False,True,False,False,manual_section_review,,,,
advaita_sankara_johnston_1946_crest_jewel,advaita,The Crest-Jewel of Wisdom and Other Writings of Sankaracharya,advaita_sankara_johnston_1946_crest_jewel:section:6c357abda25b49bc6ffc094e,,,root_text,,2,308,"come from the acts that went before; without these acts where would the fruits be? From the knowledge that I am the Eternal, the ac¬ cumulated Works, heaped up even through hundreds of myriads of ages, melt away like the work of dream, on awaking. Whatever one does while dreaming, however good or bad it seems, what effect has it on him, on awaking to send him either to hell or heaven? On knowing…",0,0.0,False,False,True,False,False,False,False,False,False,True,False,False,manual_section_review,,,,
advaita_sankara_johnston_1946_crest_jewel,advaita,The Crest-Jewel of Wisdom and Other Writings of Sankaracharya,advaita_sankara_johnston_1946_crest_jewel:section:6c4a8715dcbe2513ab7b80b8,,,root_text,,2,318,"87 The body of the sage who has become the Eternal is consumed away, even before it has fallen to the ground — like a fresh leaf withered — by the fire of consciousness. The sage who stands in the Eternal, the Self of being, ever full, of the secondless bliss of the Self, has none of the hopes fitted to time and space that make for the formation of a body of skin, and flesh, subject to dis¬ solut…",0,0.0,False,False,True,False,False,False,False,False,False,True,False,False,manual_section_review,,,,
advaita_sankara_johnston_1946_crest_jewel,advaita,The Crest-Jewel of Wisdom and Other Writings of Sankaracharya,advaita_sankara_johnston_1946_crest_jewel:section:6cb89e5988a9fba480fc7a70,,,root_text,,2,324,"Veils; who is witness of the three Modes; whose own nature is Being, Consciousness, Bliss — this is the Self. The Three Vestures What is the Physical Vesture? — Being formed of the five creatures fivefolded, born through works, it is the house where opposing forces like pleasure and pain are enjoyed; having these six accidents: it is, is born, grows, turns the corner, de¬ clines, perishes; such i…",0,0.0,False,False,True,False,False,False,False,False,False,True,False,False,manual_section_review,,,,
advaita_sankara_johnston_1946_crest_jewel,advaita,The Crest-Jewel of Wisdom and Other Writings of Sankaracharya,advaita_sankara_johnston_1946_crest_jewel:section:6dc646c885c3d8ea2a529035,,,root_text,,2,307,"hence there is to be a rejection of the self-assertion and other characteristics of the individual self. Hence this higher Self is not what is called the intel¬ lectual veil, because that is changeful, helpless of itself, circumscribed, objective, liable to err; the non-eternal cannot be regarded as eternal. The bliss-formed veil is a form containing the reflec¬ tion of bliss — although it is tai…",0,0.0,False,False,True,False,False,False,False,False,False,True,False,False,manual_section_review,,,,
advaita_sankara_johnston_1946_crest_jewel,advaita,The Crest-Jewel of Wisdom and Other Writings of Sankaracharya,advaita_sankara_johnston_1946_crest_jewel:section:6f0022a5c0f5aff53c08bccf,,,root_text,,2,310,"unreality, beyond the non-being of all I see nothing, Master; what then is to be known as anything by him who knows Self and not-self? The Master said: Truth has been spoken by thee, wise one; thou art skilled in judgment. Self-assertion and all these changes, — in the Self they have no being. That whereby all is enjoyed, but which is itself not enjoyed, know that to be the Self, the Knower, thro…",0,0.0,False,False,True,False,False,False,False,False,False,True,False,False,manual_section_review,,,,
advaita_sankara_johnston_1946_crest_jewel,advaita,The Crest-Jewel of Wisdom and Other Writings of Sankaracharya,advaita_sankara_johnston_1946_crest_jewel:section:6fe2f2e2c44abec54b3cf74c,,,root_text,,2,340,"The pot made of clay is not separate from the clay, for all through it is in its own nature clay; the form of the pot is not separate; whence then the pot? It is mere name, built up of illusion. By no one can the form of the pot be seen, separate from the clay; hence the pot is built of delusion, but the real thing is the clay, like the supreme Being. All this is always an effect of the real Eter…",0,0.0,False,False,True,False,False,False,False,False,False,True,False,False,manual_section_review,,,,
advaita_sankara_johnston_1946_crest_jewel,advaita,The Crest-Jewel of Wisdom and Other Writings of Sankaracharya,advaita_sankara_johnston_1946_crest_jewel:section:703f762252405c2fb5a91c9b,,,root_text,,2,325,"67 done, and is impure as the blood of slaughtered kine; whether it goes forward or stands, the knower of reality regards it not again, for his life is dissolved in the Eternal, the Self of bliss. Knowing the partless bliss, the Self as his own self, with what desire or from what cause could the knower of reality cherish the body? Of the perfect adept this is the fruit, of the seeker for union, f…",0,0.0,False,False,True,False,False,False,False,False,False,True,False,False,manual_section_review,,,,
advaita_sankara_johnston_1946_crest_jewel,advaita,The Crest-Jewel of Wisdom and Other Writings of Sankaracharya,advaita_sankara_johnston_1946_crest_jewel:section:7070b8432c819e8b75fd6994,,,root_text,,2,316,"enjoying delight, like a watercourse, that had dried up, when the multitude of waters come, is full of happiness, even from the slightest portion of the honey-sweet bliss of the Self. Whither has this world of sorrow gone? what has taken it away? whither has it dissolved? Now I see that it no longer is — a mighty wonder! What is there for me to reject? what to choose? what else exists? Where is t…",0,0.0,False,False,True,False,False,False,False,False,False,True,False,False,manual_section_review,,,,
advaita_sankara_johnston_1946_crest_jewel,advaita,The Crest-Jewel of Wisdom and Other Writings of Sankaracharya,advaita_sankara_johnston_1946_crest_jewel:section:71a1f6b54723aa42b90fa995,,,root_text,,2,348,"83 pends on nothing else; and it is precisely thus with the knowledge that “I am the Eternal/’ in the case of the knower of the Eternal. How could the not Self, the mere chaff of unreality, be the illuminer of that through the radiance of which the whole world shines, as through the sun? How can the scriptures or laws or traditions, or even all beings, illumine that by which alone they gain their…",0,0.0,False,False,True,False,False,False,False,False,False,True,False,False,manual_section_review,,,,
advaita_sankara_johnston_1946_crest_jewel,advaita,The Crest-Jewel of Wisdom and Other Writings of Sankaracharya,advaita_sankara_johnston_1946_crest_jewel:section:73b650f13ff9f153c4cc3e38,,,root_text,,2,406,"the holy path that brings to birth a ‘sage of boundless vi¬ sion/ Sankaracharya’s Crest-Jewel of Wisdom will be a practical and inspiring guide to life. Its teachings, the shared realizations of an enlightened god-man, tell us the laws by which we may ‘untie the bonds of unwisdom/ and thus, ever¬ more free, with minds calm and pellucid and hearts purified of reward-desiring actions, come to know…",0,0.008,False,False,True,False,False,False,False,False,False,True,False,False,manual_section_review,,,,
advaita_sankara_johnston_1946_crest_jewel,advaita,The Crest-Jewel of Wisdom and Other Writings of Sankaracharya,advaita_sankara_johnston_1946_crest_jewel:section:768503cde96167b93861cdc7,,,root_text,,1,16,"Jheosophical University Press Covina, California Theosophical University Press Covina, California First Edition, 1946",0,0.0,False,False,True,False,False,False,False,False,False,True,False,False,manual_section_review,,,,
advaita_sankara_johnston_1946_crest_jewel,advaita,The Crest-Jewel of Wisdom and Other Writings of Sankaracharya,advaita_sankara_johnston_1946_crest_jewel:section:7b047106fd16ac26f11ff91d,,,root_text,,2,328,"absence of separateness, between the Eternal and the Self is declared. That is not the physical; it is the perfect, after the unreal is put aside; like the ether, not to be handled by thought. Hence this matter that is perceived is illusive, therefore set it aside; but what is grasped by its own selfhood — “that I am the Eternal” — know that with intelligence purified; know the Self as part¬ less…",0,0.0,False,False,True,False,False,False,False,False,False,True,False,False,manual_section_review,,,,
advaita_sankara_johnston_1946_crest_jewel,advaita,The Crest-Jewel of Wisdom and Other Writings of Sankaracharya,advaita_sankara_johnston_1946_crest_jewel:section:7b166a973b682a315772dbba,,,root_text,,2,292,"sciousness, the body, and the witnessing Self, respec¬ tively — through the action of innate necessity, of works, and of delusion. Since the two are bound up together, the innate blend¬ ing of the personal idea with the ray of consciousness never ceases; but its blending with the body ceases, when the works wear out; and with the witnessing Self, through illumination. When the personal idea melts…",0,0.0,False,False,True,False,False,False,False,False,False,True,False,False,manual_section_review,,,,
advaita_sankara_johnston_1946_crest_jewel,advaita,The Crest-Jewel of Wisdom and Other Writings of Sankaracharya,advaita_sankara_johnston_1946_crest_jewel:section:7b31a7f410ac4682ea4dd5c4,,,root_text,,2,328,"is white,” and this, in later days became a sentence sym¬ bolical of their ideal of purity; but in the beginning it may have been a description of their color, an index of their race. It is very probable that this fair, almost white race, which now forms the nucleus of the Brahman order, gradually became, through selective genius, through their unequalled instinct of order, the recognized re¬ pos…",0,0.0,False,False,True,False,False,False,False,False,False,True,False,False,manual_section_review,,,,
advaita_sankara_johnston_1946_crest_jewel,advaita,The Crest-Jewel of Wisdom and Other Writings of Sankaracharya,advaita_sankara_johnston_1946_crest_jewel:section:7bc355e7cab56a35c24d03cc,,,appendix,,2,309,"A Symposium on the Life of Sankaracharya Prepared for presentation by the Theosophical Club in the Temple of Peace at Point Loma. (Adapted from many sources) I love to think of those great beings, those royal-hearted Ones, who return to earth to shed their divine compassion in order to lift the veil into those inner realms of light for those who are ready to look within. Could we not recount amon…",0,0.0,False,False,True,False,False,False,False,False,False,True,False,False,manual_section_review,,,,
advaita_sankara_johnston_1946_crest_jewel,advaita,The Crest-Jewel of Wisdom and Other Writings of Sankaracharya,advaita_sankara_johnston_1946_crest_jewel:section:7c69ecea77583ee649ffe648,,,root_text,,2,387,"number of parrots miraculously endowed with human speech, who, so the story runs, discoursed upon weighty philosophi¬ cal questions. But when he reached the door of the dwell¬ ing he found it fast shut. Undismayed he arose in the air and entered from above, alighting just beside Mandana Misra in his spacious hall. Then began an animated discussion between the astonished host and his unexpected gu…",0,0.0,False,False,True,False,False,False,False,False,False,True,False,False,manual_section_review,,,,
advaita_sankara_johnston_1946_crest_jewel,advaita,The Crest-Jewel of Wisdom and Other Writings of Sankaracharya,advaita_sankara_johnston_1946_crest_jewel:section:7ca79357e6fb9f65cfa6c22e,,,root_text,,2,305,"universal mission, above and beyond their mission to their own land and their own religion. No sooner did brighter days dawn for them under the Emperor Akbar, the great Indian monarch of the sixteenth century who conceived and framed a high ideal of religious toler¬ ance and mutual understanding which was the nearest approach to State Theosophy; no sooner did the brighter day dawn than the Brahma…",0,0.0,False,False,True,False,False,False,False,False,False,True,False,False,manual_section_review,,,,
advaita_sankara_johnston_1946_crest_jewel,advaita,The Crest-Jewel of Wisdom and Other Writings of Sankaracharya,advaita_sankara_johnston_1946_crest_jewel:section:843793395457404d3faa1a0c,,,appendix,,2,334,"163 ness whithersoever he willed. Those who are ignorant call these wonder-works miracles. Those who have knowledge of things behind this veil of illusion about us, know San¬ kara to be the greatest Initiate living in historical ages; and to the Initiate Nature makes obeisance, laying at his feet the key to her innermost secrets. You have heard the words of one of the Wise Ones of the earth: “A f…",0,0.0,False,False,True,False,False,False,False,False,False,True,False,False,manual_section_review,,,,
advaita_sankara_johnston_1946_crest_jewel,advaita,The Crest-Jewel of Wisdom and Other Writings of Sankaracharya,advaita_sankara_johnston_1946_crest_jewel:section:846f7c0229c3537951746be9,,,appendix,,2,369,"159 that it was through superior merit alone that Sanandana was chosen among them for higher instruction and closer communion with the Teacher. So standing one day on the banks of the river which ran near his dwelling-place, he called to Sanandana who stood on the other side among his companions, to come over to him directly. Sanandana forth¬ with without any hesitation and with dauntless spirit…",0,0.0,False,False,True,False,False,False,False,False,False,True,False,False,manual_section_review,,,,
advaita_sankara_johnston_1946_crest_jewel,advaita,The Crest-Jewel of Wisdom and Other Writings of Sankaracharya,advaita_sankara_johnston_1946_crest_jewel:section:8849cd98ca89ec48416e2df9,,,root_text,,2,313,"Nor does the Self, on which the worlds are built, be¬ come stained by them, even through the deluded who are stained by many sins; just as even a mighty flood of mirage waters wets not the salt desert earth. Like the ether, I spread throughout the world; like the sun, I am marked by my shining; like the hills, I am everlasting and unmoved; I am like an ocean with¬ out shores. I am not bound by th…",0,0.0,False,False,True,False,False,False,False,False,False,True,False,False,manual_section_review,,,,
advaita_sankara_johnston_1946_crest_jewel,advaita,The Crest-Jewel of Wisdom and Other Writings of Sankaracharya,advaita_sankara_johnston_1946_crest_jewel:section:8adade5ca785aec6a89b3c08,,,root_text,,2,323,"Self is all this moving world; other than Self is naught. As all jars are earth, so he beholds all as the Self. Perfect Freedom even in life is this, that a man should shake himself free from all the limits of his disguises, through the essence of Reality, Consciousness, Bliss, just as the grub becomes the bee. Crossing the ocean of glamor, and slaying the mon¬ sters, passion and hate, the seeker…",0,0.0,False,False,True,False,False,False,False,False,False,True,False,False,manual_section_review,,,,
advaita_sankara_johnston_1946_crest_jewel,advaita,The Crest-Jewel of Wisdom and Other Writings of Sankaracharya,advaita_sankara_johnston_1946_crest_jewel:section:8afdb5abfae3e9b02c21eb30,,,root_text,,2,329,"65 differentiated, what separateness can exist? [400] In the one substance, like the world-ocean full to overflowing, changeless, formless, undifferentiated, whence can separateness come? Where the cause of delusion melts away, like dark¬ ness in light, in the secondless, supreme reality, un¬ differentiated, what separateness can there be? In the supreme reality, the very Self of oneness, how cou…",0,0.0,False,False,True,False,False,False,False,False,False,True,False,False,manual_section_review,,,,
advaita_sankara_johnston_1946_crest_jewel,advaita,The Crest-Jewel of Wisdom and Other Writings of Sankaracharya,advaita_sankara_johnston_1946_crest_jewel:section:8c9da40873f6e6fa9592cb7d,,,root_text,,2,340,"than it, having no second, is the Self, the supreme Eternal; what else is there to be known? What more is there to be said? The Eternal, the Life, the Self is seen here under many forms; all in this world is the Eternal, the secondless Eternal; the scrip¬ ture says “I am the Eternal”; knowing this clearly, those whose minds are awakened, who have abandoned the outward, becoming the Eternal, dwell…",0,0.0,False,False,True,False,False,False,False,False,False,True,False,False,manual_section_review,,,,
advaita_sankara_johnston_1946_crest_jewel,advaita,The Crest-Jewel of Wisdom and Other Writings of Sankaracharya,advaita_sankara_johnston_1946_crest_jewel:section:8ed12ffc1b84e9b92dee9a79,,,root_text,,3,544,"character of the Self is taught to those seeking Freedom, that they may be born to the joy of awakening. Therefore let all those who put away and cast aside every sin of thought, who are sated with this world’s joys, whose thoughts are full of peace, who delight in words of wisdom, who rule themselves, who long to be free, draw near to this teaching, which is dedicated to them. To those who, on t…",0,0.0,False,False,True,False,False,False,False,False,False,True,False,False,manual_section_review,,,,
advaita_sankara_johnston_1946_crest_jewel,advaita,The Crest-Jewel of Wisdom and Other Writings of Sankaracharya,advaita_sankara_johnston_1946_crest_jewel:section:90071675999dd8c11507d14b,,,root_text,,2,320,"the reality free from growth and change, whose being is beyond perception, the essence of equalness, un¬ equalled, immeasurable, perfectly taught by the words of inspiration, eternal, praised by us. In soul-vision the wise man perceives in his heart the unfading, undying reality, which by its own being can know no setting, like the shimmering water of the ocean, bearing no name, where quality and…",0,0.0,False,False,True,False,False,False,False,False,False,True,False,False,manual_section_review,,,,
advaita_sankara_johnston_1946_crest_jewel,advaita,The Crest-Jewel of Wisdom and Other Writings of Sankaracharya,advaita_sankara_johnston_1946_crest_jewel:section:94f99ad6eafd00583b0c4533,,,root_text,,2,317,"being, pure wakefulness; both being and non-being is this, besides it there is nothing else; this shines un¬ changing, this Supreme Self gleams in waking, dream and dreamlessness as “I,” present as the witness of the knowing soul. Bondage and Freedom (Verses 136 — 153) Then, holding firmly mind, with knowing soul at rest, know your self within yourself face to face saying, “This am I.” The life-o…",0,0.0,False,False,True,False,False,False,False,False,False,True,False,False,manual_section_review,,,,
advaita_sankara_johnston_1946_crest_jewel,advaita,The Crest-Jewel of Wisdom and Other Writings of Sankaracharya,advaita_sankara_johnston_1946_crest_jewel:section:97b44afcde5d8bf355550313,,,root_text,,1,244,"Mind is the very self of intending and doubting. Soul is the very self of affirmation. Self-assertion is the very self of attributing selfhood. Imagination is the very self of image-making. The regent of mind is the Moon. The regent of soul is the Evolver. The regent of self-assertion is the Transformer. The regent of imagination is the Pervader. Their Forceful Parts Now, among these five natures…",0,0.0,False,False,True,False,False,False,False,False,False,True,False,False,manual_section_review,,,,
advaita_sankara_johnston_1946_crest_jewel,advaita,The Crest-Jewel of Wisdom and Other Writings of Sankaracharya,advaita_sankara_johnston_1946_crest_jewel:section:9834671d7e079d55e63ae0f0,,,root_text,,1,28,"Crest-J ewel of Wisdom Crest-Jewel of Wisdom and other writings of Sankarachar y a ""B 13 3 SH M5 Translations and Commentaries by",0,0.0,False,False,True,False,False,False,False,False,False,True,False,False,manual_section_review,,,,
advaita_sankara_johnston_1946_crest_jewel,advaita,The Crest-Jewel of Wisdom and Other Writings of Sankaracharya,advaita_sankara_johnston_1946_crest_jewel:section:9a50976eb536c8a97d2c8793,,,root_text,,2,314,"101 and language of his own day, and did all that a marve¬ lous insight and a literary style of wonderful lucidity could do to make the spirit and the genius of the Upani- shads live once more in the hearts of the Brahmans of his time. He set himself, above all, to cleanse the inner lin¬ ing of the casket where India’s treasures lay concealed; to remove every speck from the precious metal whose p…",0,0.0,False,False,True,False,False,False,False,False,False,True,False,False,manual_section_review,,,,
advaita_sankara_johnston_1946_crest_jewel,advaita,The Crest-Jewel of Wisdom and Other Writings of Sankaracharya,advaita_sankara_johnston_1946_crest_jewel:section:9ad37bfafb9ae2f960df7db0,,,root_text,,2,348,"63 All disguises beginning with the Evolver and ending with a log are mirage only; therefore let him behold his own perfect Self, standing in the Self’s oneness. Whatever by error is built up as different from that, is in reality that only, not different from that. When the error is destroyed, the reality of the snake that was seen shines forth as the rope; thus the own-nature of all is the Self.…",0,0.0,False,False,True,False,False,False,False,False,False,True,False,False,manual_section_review,,,,
advaita_sankara_johnston_1946_crest_jewel,advaita,The Crest-Jewel of Wisdom and Other Writings of Sankaracharya,advaita_sankara_johnston_1946_crest_jewel:section:9ddb9fa0d450c6398fd0db4c,,,root_text,,2,312,"S3 unreality, is no longer seen when the lord of day is arisen; so in the shining of the essence of secondless bliss, no bond exists nor scent of sorrow. Transcending every visible object of sense, fixing the mind on pure being, the totality of bliss, with right intentness within and without, pass the time while the bonds of action last. [320] Wavering in reliance on the Eternal must never be all…",0,0.0,False,False,True,False,False,False,False,False,False,True,False,False,manual_section_review,,,,
advaita_sankara_johnston_1946_crest_jewel,advaita,The Crest-Jewel of Wisdom and Other Writings of Sankaracharya,advaita_sankara_johnston_1946_crest_jewel:section:9ecf9b9597511497dbaf2cac,,,root_text,,1,288,"world by this path, thou shalt win the perfect joy.” By discerning the aim of the wisdom-teaching (Vedanta) is born that most excellent knowledge. Then comes the final ending of the world’s pain. The voice of the teaching plainly declares that faith, devotion, meditation, and the search for union are the means of I reedom for him who would be free. He who is perfect in these wins Freedom from the…",0,0.0,False,False,True,False,False,False,False,False,False,True,False,False,manual_section_review,,,,
advaita_sankara_johnston_1946_crest_jewel,advaita,The Crest-Jewel of Wisdom and Other Writings of Sankaracharya,advaita_sankara_johnston_1946_crest_jewel:section:9f9d047a0e81b0f97f100442,,,root_text,,2,319,"the best justification for that instinctive turning towards the Brahmans as the center and representative of In¬ dian genius, which we have noted as so marked a feature of the Indian Renaissance today. But once the Brahmans had received the wisdom- doctrines from their Royal Teachers, their distinctive genius, their most valued quality, began to assert itself. With their unparalleled genius for o…",0,0.0,False,False,True,False,False,False,False,False,False,True,False,False,manual_section_review,,,,
advaita_sankara_johnston_1946_crest_jewel,advaita,The Crest-Jewel of Wisdom and Other Writings of Sankaracharya,advaita_sankara_johnston_1946_crest_jewel:section:a11bffc6175511736cec7367,,,root_text,,1,148,"decree that the bodies of all those who had just passed on into the inner realms should be burnt. They hoped thereby that the mortal frame of this strange and beautiful being, now deserted, would be destroyed with the rest, and that thus he would remain a captive within the body of their king. Time sped on, and Padmapada and the other devoted disciples, knowing not of the decree of the Ministers…",0,0.0,False,False,True,False,False,False,False,False,False,True,False,False,manual_section_review,,,,
advaita_sankara_johnston_1946_crest_jewel,advaita,The Crest-Jewel of Wisdom and Other Writings of Sankaracharya,advaita_sankara_johnston_1946_crest_jewel:section:a4f0fe51e0e4f552c3689da9,,,appendix,,2,379,"field up out of its bed, that its pure waters might refresh her. Kings and others of high birth and intellect sought him even at this early age that he might teach them of secret wisdom never uttered except in guarded places. Do you know the tale of how he gained his mother’s con¬ sent to letting him become a holy ascetic? It runs in this wise: She with her mother’s pride in his lofty attainments…",0,0.0,False,False,True,False,False,False,False,False,False,True,False,False,manual_section_review,,,,
advaita_sankara_johnston_1946_crest_jewel,advaita,The Crest-Jewel of Wisdom and Other Writings of Sankaracharya,advaita_sankara_johnston_1946_crest_jewel:section:a619f1ddd2b0f07dbc1a904f,,,root_text,,2,323,"But the other part of Sankara’s work, the manuals and catechisms for learners, are complete and perfect. They really teach, quite plainly and lucidly, the first steps on the path of wisdom; they point out, with clear insistence, the qualities that are necessary to make these first steps fruitful; qualities without which the learner may remain, hesitating and halting, on the threshold, through lac…",0,0.0,False,False,True,False,False,False,False,False,False,True,False,False,manual_section_review,,,,
advaita_sankara_johnston_1946_crest_jewel,advaita,The Crest-Jewel of Wisdom and Other Writings of Sankaracharya,advaita_sankara_johnston_1946_crest_jewel:section:ac73f5977e67fa14a0e46f44,,,root_text,,2,300,"141 all bondage to works wither away — when That is known, which is the first and the last. The Three Selves The individual self appears in three degrees: as a limitation of the Self; as a ray of the conscious Self; and, thirdly, as the self imagined in dreams. The first alone is real. For the limitation in the individual self is a mere imagination; and that which is supposed to be limited is the…",0,0.0,False,False,True,False,False,False,False,False,False,True,False,False,manual_section_review,,,,
advaita_sankara_johnston_1946_crest_jewel,advaita,The Crest-Jewel of Wisdom and Other Writings of Sankaracharya,advaita_sankara_johnston_1946_crest_jewel:section:ad71f6e9f13d98b88dab796f,,,root_text,,2,296,"wise discern between right and wrong, between oneself and another, but is ever dependent. The Vesture formed of Mind (Verses 167 — 183) The mind-formed vesture is formed of the powers of perception and the mind; it is the cause of the distinc¬ tion between the notions of “mine” and “I”; it is ac¬ tive in making a distinction of names and numbers; as more potent, it pervades and dominates the form…",0,0.0,False,False,True,False,False,False,False,False,False,True,False,False,manual_section_review,,,,
advaita_sankara_johnston_1946_crest_jewel,advaita,The Crest-Jewel of Wisdom and Other Writings of Sankaracharya,advaita_sankara_johnston_1946_crest_jewel:section:b180e3aad92503299eeb5228,,,root_text,,2,320,"discernment and is wise knows the true Self saying, “I am the Eternal.” Therefore, O thou of mind deluded, put away the thought that this body is the Self, this compound of skin, flesh, fat, bone and water; discern the universal Self, the Eternal, changeless, and enjoy supreme peace. So long as the man of learning abandons not the thought, founded on delusion, that “This is I,” regard¬ ing the un…",0,0.0,False,False,True,False,False,False,False,False,False,True,False,False,manual_section_review,,,,
advaita_sankara_johnston_1946_crest_jewel,advaita,The Crest-Jewel of Wisdom and Other Writings of Sankaracharya,advaita_sankara_johnston_1946_crest_jewel:section:b59fc82a4d9c86a50f09b495,,,root_text,,2,313,"This is not really so; for ‘Life attributing itself to the physical and emotional vestures’ is only the verbal meaning of thou; while the real meaning of thou is ‘pure Consciousness, bare of all disguises, in dreamless life.’ And so ‘the Lord full of omniscience and power’ is but the verbal meaning of that; while the real meaning of that is ‘pure Consciousness stripped of disguises.’ Thus there i…",0,0.0,False,False,True,False,False,False,False,False,False,True,False,False,manual_section_review,,,,
advaita_sankara_johnston_1946_crest_jewel,advaita,The Crest-Jewel of Wisdom and Other Writings of Sankaracharya,advaita_sankara_johnston_1946_crest_jewel:section:ba23c3e982e2726a51debccf,,,root_text,,1,199,"125 II We shall speak now of the way the four-and-twenty natures are developed. The Primitive Seven Dwelling together with the Evolver in glamor, who is the very self of the three potencies: substance, force, and space. From this glamor, shining ether came forth. From shining ether, breath came forth. From breath, fire came forth. From fire, the waters came forth. From the waters, earth came fort…",0,0.0,False,False,True,False,False,False,False,False,False,True,False,False,manual_section_review,,,,
advaita_sankara_johnston_1946_crest_jewel,advaita,The Crest-Jewel of Wisdom and Other Writings of Sankaracharya,advaita_sankara_johnston_1946_crest_jewel:section:ba42a2fad838da24321de67d,,,root_text,,2,303,"19 If the love of Freedom is yours, then put sensuous things far away from you, like poison. But love, as the food of the gods, serenity, pity, pardon, rectitude, peacefulness and self-control; love them and honor them forever. He who every moment leaving undone what should be done — the freeing of himself from the bonds of beginningless unwisdom — devotes himself to the fat¬ tening of his body,…",0,0.0,False,False,True,False,False,False,False,False,False,True,False,False,manual_section_review,,,,
advaita_sankara_johnston_1946_crest_jewel,advaita,The Crest-Jewel of Wisdom and Other Writings of Sankaracharya,advaita_sankara_johnston_1946_crest_jewel:section:ba648ee7166dfeb1482067de,,,root_text,,2,296,"33 that mind is unwisdom, through which the whole world, verily, is swept about, as cloud belts by the wind. Therefore purification of the mind should be under¬ taken with strong effort by him who seeks liberation; when the mind has been purified, liberation comes like fruit into his hand. Through the sole power of liberation uprooting de¬ sire for sensuous things, and ridding himself of all bond…",0,0.0,False,False,True,False,False,False,False,False,False,True,False,False,manual_section_review,,,,
advaita_sankara_johnston_1946_crest_jewel,advaita,The Crest-Jewel of Wisdom and Other Writings of Sankaracharya,advaita_sankara_johnston_1946_crest_jewel:section:c089673b5b2e5786366ef2ca,,,root_text,,2,308,"The desirer is constituted by the bodily self; how can the cause of desire be different? Hence the motion of enticement to sensual objects is the cause of world- bondage, through attachment to what is other than Self. From increase of action, it is seen that the seed of bondage is energized; when action is destroyed, the seed is destroyed. Hence let him check sensual action. From the growth of mi…",0,0.0,False,False,True,False,False,False,False,False,False,True,False,False,manual_section_review,,,,
advaita_sankara_johnston_1946_crest_jewel,advaita,The Crest-Jewel of Wisdom and Other Writings of Sankaracharya,advaita_sankara_johnston_1946_crest_jewel:section:c1ff1ee69bfb530070ad4e6c,,,root_text,,2,348,"and they speak ignorantly, knowing not the truth of things. Thus verily they behold the most excellent knower of Brahma as though bound to a body, while he is in truth freed for ever from the body, and they are deluded by the mere seeming of the body. [548] For Ever Free (Verses 549 — 561) The Serpent's Slough B ut the body he has left, like the cast-off slough of a snake, remains there, moved hi…",0,0.0,False,False,True,False,False,False,False,False,False,True,False,False,manual_section_review,,,,
advaita_sankara_johnston_1946_crest_jewel,advaita,The Crest-Jewel of Wisdom and Other Writings of Sankaracharya,advaita_sankara_johnston_1946_crest_jewel:section:c2124ef7b4e2d5c61e37e16a,,,root_text,,2,299,"Passing through varying births it gains experience, now descending, now ascending; of this intelligence- formed vesture, waking, dream and dreamlessness are the fields where it experiences pleasure and pain. By constantly attributing to itself the body, state, condition, duties and works, thinking, “These are mine,” this intelligence-formed vesture, brightly shin¬ ing because it stands closest to…",0,0.0,False,False,True,False,False,False,False,False,False,True,False,False,manual_section_review,,,,
advaita_sankara_johnston_1946_crest_jewel,advaita,The Crest-Jewel of Wisdom and Other Writings of Sankaracharya,advaita_sankara_johnston_1946_crest_jewel:section:c4e2dd6201769af6ab9da84d,,,root_text,,2,360,"131 the sensuous veil, and the intellectual veil; and the re¬ gents of the last two are ‘mind’ and ‘soul,’ as we have translated the original terms — Manas and Buddhi. Development takes place, therefore, by the gradually raising of the self through these vestures and veils; so that, having begun as the physical self in pure animal life, it gradually becomes the emotional and intellectual self of…",0,0.0,False,False,True,False,False,False,False,False,False,True,False,False,manual_section_review,,,,
advaita_sankara_johnston_1946_crest_jewel,advaita,The Crest-Jewel of Wisdom and Other Writings of Sankaracharya,advaita_sankara_johnston_1946_crest_jewel:section:c9f2ff30e2c30dfb8e61c461,,,root_text,,3,420,"The Self, rising in the firmament of the heart — sun of wisdom, darkness-dispersing, all-present, all-support¬ ing — shines forth and illumines all. He who, drawing away from space and time, faith¬ fully worships in the holy place of the divine Self — the ever-present, the destroyer of heat and cold and every limit, the stainless, eternally happy — he all¬ knowing, entering the All, becomes immor…",0,0.0,False,False,True,False,False,False,False,False,False,True,False,False,manual_section_review,,,,
advaita_sankara_johnston_1946_crest_jewel,advaita,The Crest-Jewel of Wisdom and Other Writings of Sankaracharya,advaita_sankara_johnston_1946_crest_jewel:section:ca44ef120994f655ba2c9413,,,root_text,,2,347,"27 man thinking “this body is I,” calls it the Self; then by lust and hate and all the potencies of bondage, the great power of Force that they call extension greatly afflicts him. Torn by the gnawing of the toothed beast of great delusion; wandered from the Self, accepting every changing mood of mind as himself, through this po¬ tency, in the shoreless ocean of birth and death, full of the poiso…",0,0.0,False,False,True,False,False,False,False,False,False,True,False,False,manual_section_review,,,,
advaita_sankara_johnston_1946_crest_jewel,advaita,The Crest-Jewel of Wisdom and Other Writings of Sankaracharya,advaita_sankara_johnston_1946_crest_jewel:section:ce000e7e6b7dfdc083d963e3,,,root_text,,2,303,"The Eternal is perpetually conceived as formed; but what is attributed to the Eternal is a name only. Therefore the supreme Eternal is Being, secondless, of the form of pure knowledge, stainless, peaceful, free from beginning or ending, changeless, its own-nature is unbroken bliss. Every difference made by world-glamor set aside, eternal, lasting, partless, measureless, formless, unmani¬ fest, na…",0,0.0,False,False,True,False,False,False,False,False,False,True,False,False,manual_section_review,,,,
advaita_sankara_johnston_1946_crest_jewel,advaita,The Crest-Jewel of Wisdom and Other Writings of Sankaracharya,advaita_sankara_johnston_1946_crest_jewel:section:d3fe4c096dfbacaa759b0fa1,,,root_text,,2,307,"T his little volume with its foundation-stones of Truth is an effort to further the second object of the Theosophical Society as it was originally expressed by H. P. Blavatsky in The Key to Theosophy: To promote the study of Aryan and other Scriptures, of the World’s religion and sciences, and to vindicate the importance of old Asiatic literature, namely, of the Brahmanical, Buddhist, and Zoroast…",0,0.0,False,False,True,False,False,False,False,False,False,True,False,False,manual_section_review,,,,
advaita_sankara_johnston_1946_crest_jewel,advaita,The Crest-Jewel of Wisdom and Other Writings of Sankaracharya,advaita_sankara_johnston_1946_crest_jewel:section:d7580224591253beb157c4f2,,,root_text,,2,329,"21 born of elements not fivefolded; it is the place of gratification, the enjoyer of the fruits of deeds, the beginningless disguise of the Self, through lack of self- knowledge. Dream-life is the mode of its expansion, where it shines with reflected light, through the traces of its own impressions; for in dream-life the knowing soul shines of itself through the many and varied mind- pictures mad…",0,0.0,False,False,True,False,False,False,False,False,False,True,False,False,manual_section_review,,,,
advaita_sankara_johnston_1946_crest_jewel,advaita,The Crest-Jewel of Wisdom and Other Writings of Sankaracharya,advaita_sankara_johnston_1946_crest_jewel:section:da29caeda157a8a5b03998a6,,,root_text,,2,316,"109 The vestures, powers, mind, and reason move in their paths under the pure consciousness of the Self, as people move in the sunshine. The qualities of vestures, powers, and works are at¬ tributed to the spotless Self through undiscernment, as blue to the pure sky. Through unwisdom, the mental vesture’s actorship is attributed to the Self, as the ripple of the waves to the moon reflected in a l…",0,0.0,False,False,True,False,False,False,False,False,False,True,False,False,manual_section_review,,,,
advaita_sankara_johnston_1946_crest_jewel,advaita,The Crest-Jewel of Wisdom and Other Writings of Sankaracharya,advaita_sankara_johnston_1946_crest_jewel:section:da47543b71015f66bcb15c39,,,root_text,,2,314,"Building up desire for the body and all objects, it binds the man thereby as an ox by a cord; afterwards leading him to turn from them like poison, that same mind, verily, sets him free from bondage. Therefore mind is the cause of man’s bondage, and in turn of his liberation; when darkened by the powers of passion it is the cause of bondage, and when pure of passion and darkness it is the cause o…",0,0.0,False,False,True,False,False,False,False,False,False,True,False,False,manual_section_review,,,,
advaita_sankara_johnston_1946_crest_jewel,advaita,The Crest-Jewel of Wisdom and Other Writings of Sankaracharya,advaita_sankara_johnston_1946_crest_jewel:section:db1cedac431afd14f0682355,,,root_text,,2,343,"which is the ‘enlightened spiritual will.’ To express in terms of morals this psychological analysis, we may say that at first through the power of self-assertion, the idea of selfhood is falsely attributed to the physi¬ cal body and its animal nature, and then to the mental picture of the physical body, which is the emotional self or lower personality. The task of regeneration, of initiating tru…",0,0.0,False,False,True,False,False,False,False,False,False,True,False,False,manual_section_review,,,,
advaita_sankara_johnston_1946_crest_jewel,advaita,The Crest-Jewel of Wisdom and Other Writings of Sankaracharya,advaita_sankara_johnston_1946_crest_jewel:section:dcb4da565cc5799882744c54,,,root_text,,2,316,"139 are concealed by the other power, limitation; and this also is the cause of the cycle of birth and death. [IS] The light of the witnessing Self is united with the personal form; from this entering in of the ray of con¬ sciousness arises the habitual life — the ordinary self. The isolated existence of the ordinary self is attri¬ buted to the witnessing Self, and appears to belong to it; but wh…",0,0.0,False,False,True,False,False,False,False,False,False,True,False,False,manual_section_review,,,,
advaita_sankara_johnston_1946_crest_jewel,advaita,The Crest-Jewel of Wisdom and Other Writings of Sankaracharya,advaita_sankara_johnston_1946_crest_jewel:section:e02bbc6049f2dd3862d2ef93,,,root_text,,2,320,"When the saint rests in the Self, through understand¬ ing that the Self is other than its vestures, that the Self is the pure Eternal; then the myth of the reality of Works entered on no longer holds him, just as the myth of union with things of dream no longer holds him who has awakened. For he who is awake no longer keeps the sense of “I and mine and that,” for his looking-glass body and the wo…",0,0.0,False,False,True,False,False,False,False,False,False,True,False,False,manual_section_review,,,,
advaita_sankara_johnston_1946_crest_jewel,advaita,The Crest-Jewel of Wisdom and Other Writings of Sankaracharya,advaita_sankara_johnston_1946_crest_jewel:section:e2c2034564d3ca0e07ba1d2a,,,root_text,,2,495,"very pure inspiration of the Self be joined to it, he enters into the sovereignty of self-dominion. This is the door of young freedom everlasting. There do thou ever fix thy consciousness on the real self, in all ways free from attachment to what is other than this, for the sake of the better way. Cut off all hope in sensual objects which are like poison, the cause of death; abandon all fancies o…",0,0.0,False,False,True,False,False,False,False,False,False,True,False,False,manual_section_review,,,,
advaita_sankara_johnston_1946_crest_jewel,advaita,The Crest-Jewel of Wisdom and Other Writings of Sankaracharya,advaita_sankara_johnston_1946_crest_jewel:section:e6fa8160dc311ab355860eac,,,root_text,,1,179,"Nor teacher, teaching, learner, what is learned; Nor thou nor I nor this expanded world; Conscious of its own form, from error free, That, the One, final, blest, alone, am I. Nor waking, mine, nor dream, nor dreamless sleep; Nor fire of life or heart or seeing soul; These three are of unwisdom; but the fourth, That, the One, final, blest, alone, am I. Even expanded for the sake of Self — Self, th…",0,0.0,False,False,True,False,False,False,False,False,False,True,False,False,manual_section_review,,,,
advaita_sankara_johnston_1946_crest_jewel,advaita,The Crest-Jewel of Wisdom and Other Writings of Sankaracharya,advaita_sankara_johnston_1946_crest_jewel:section:ea7f5aaad0eb63c9f7d64c9a,,,root_text,,2,296,"him be intent on the one, the Self, with no thought but that endless one. The wise through meditation immersing all outward things in the Self, should be intent on that only Self, spotless as shining ether. Setting aside name, color, form, the insubstantial causes of separateness, the knower of the supreme rests in perfect Consciousness and Bliss. The difference between knower, knowing, and known…",0,0.0,False,False,True,False,False,False,False,False,False,True,False,False,manual_section_review,,,,
advaita_sankara_johnston_1946_crest_jewel,advaita,The Crest-Jewel of Wisdom and Other Writings of Sankaracharya,advaita_sankara_johnston_1946_crest_jewel:section:ec4f99b9e5f2efdb703a770a,,,root_text,,2,341,"the Eternal, that thou art; become it in the Self. Untouched by the six infirmities, reached in the heart of those that seek for union, reached not by the organs, whose being neither intellect nor reason knows — this is the Eternal, that thou art; become it in the Self. Built of error is the world; in That it rests; That rests in itself, different from the existent and the non¬ existent; partless…",0,0.0,False,False,True,False,False,False,False,False,False,True,False,False,manual_section_review,,,,
advaita_sankara_johnston_1946_crest_jewel,advaita,The Crest-Jewel of Wisdom and Other Writings of Sankaracharya,advaita_sankara_johnston_1946_crest_jewel:section:efd7a3c82b012029701af83f,,,root_text,,2,325,"13 ocean of the world, they ever help others to cross over. For this is the very nature of the great-souled ones (Mahatmas) — their swiftness to take away the weari¬ ness of others. So the soft-rayed moon of itself soothes the earth, burned by the fierce sun’s heat. “Sprinkle me with thy nectar voice that brings the joy of eternal bliss, pure and cooling, falling on me as from a cup, like the joy…",0,0.0,False,False,True,False,False,False,False,False,False,True,False,False,manual_section_review,,,,
advaita_sankara_johnston_1946_crest_jewel,advaita,The Crest-Jewel of Wisdom and Other Writings of Sankaracharya,advaita_sankara_johnston_1946_crest_jewel:section:f0e4a1e9925be32578e81d27,,,root_text,,1,296,"giving up all longing for sensual self-indulgence; ap¬ proaching the good, great Teacher (the Higher Self), with soul intent on the object of the teaching. Let him by the Self raise the Self, sunk in the ocean of the world, following the path of union through complete recognition of oneness. Setting all rites aside, let the wise, learned ones who approach the study of the Self strive for Freedom…",0,0.0,False,False,True,False,False,False,False,False,False,True,False,False,manual_section_review,,,,
advaita_sankara_johnston_1946_crest_jewel,advaita,The Crest-Jewel of Wisdom and Other Writings of Sankaracharya,advaita_sankara_johnston_1946_crest_jewel:section:f1430cb1637361c435d19d16,,,root_text,,2,326,"They who, fooled in these sensuous things, are bound by the wide noose of lust, hard to break asunder — they come and go, downwards and upwards on high, led by the swift messenger, their works. Through the five sensuous things five creatures find dissolution to the five elements, each one bound by his own character: the deer, the elephant, the moth, the fish, the bee; what then of man, who is sna…",0,0.0,False,False,True,False,False,False,False,False,False,True,False,False,manual_section_review,,,,
advaita_sankara_johnston_1946_crest_jewel,advaita,The Crest-Jewel of Wisdom and Other Writings of Sankaracharya,advaita_sankara_johnston_1946_crest_jewel:section:f38830a09e88d1b9891b2c22,,,root_text,,2,316,"knower of the Self, who shows no outward sign, nor is attached to external things. Whether clothed in space alone, or wearing other vestures, or clothed in skins, or in a vesture of thought; like one in trance, or like a child, or like a shade, he walks the earth. [540] Withdrawing desire from the things of desire, ever contented in the Self, the sage stands firm through the Self alone. Now as a…",0,0.0,False,False,True,False,False,False,False,False,False,True,False,False,manual_section_review,,,,
advaita_sankara_johnston_1946_crest_jewel,advaita,The Crest-Jewel of Wisdom and Other Writings of Sankaracharya,advaita_sankara_johnston_1946_crest_jewel:section:f7fea54d0fb95b9cf23c257f,,,root_text,,2,322,"tion, perfect in endurance, entering into lasting ecstasy, the ascetic makes the being of the All-self his own; thereby burning up perfectly the doubts that are born of the darkness of unwisdom, he dwells in bliss in the form of the Eternal, without deed or doubt. They who rest on the Self that is consciousness, who have put away the outward, the imaginations of the ear and senses, and selfish pe…",0,0.0,False,False,True,False,False,False,False,False,False,True,False,False,manual_section_review,,,,
advaita_sankara_johnston_1946_crest_jewel,advaita,The Crest-Jewel of Wisdom and Other Writings of Sankaracharya,advaita_sankara_johnston_1946_crest_jewel:section:f832707eaa95bd47fed3cafd,,,root_text,,2,334,"use of fuel. Pure water flowed from springs self-caused, and rare and special flowers in great abundance bloomed out of season. And more marvelous still, whatever wealth was requisite, there did it appear upon earth. From the midst of the pure snowy mountains a wild herd of white elephants came of themselves without noise, not curbed by any, self-subdued, and every kind of colored horse, in shape…",0,0.0,False,False,True,False,False,False,False,False,False,True,False,False,manual_section_review,,,,
advaita_sankara_johnston_1946_crest_jewel,advaita,The Crest-Jewel of Wisdom and Other Writings of Sankaracharya,advaita_sankara_johnston_1946_crest_jewel:section:fba27eb47087316b44fb3261,,,root_text,,2,327,"IS “If a heavy burden presses on the head others can remove it, but none but a man’s self can quench his hunger and thirst. “Health is gained by the sick who follow the path of healing: health does not come through the acts of others. “The knowledge of the real by the eye of clear in¬ sight is to be gained by one’s own sight and not by the teacher’s. “The moon’s form must be seen by one’s own eye…",0,0.0,False,False,True,False,False,False,False,False,False,True,False,False,manual_section_review,,,,
advaita_sankara_johnston_1946_crest_jewel,advaita,The Crest-Jewel of Wisdom and Other Writings of Sankaracharya,advaita_sankara_johnston_1946_crest_jewel:section:fc89981a1401951e0a2cb65c,,,root_text,,2,314,"When Dispassion and longing for Freedom are strong, then Restfulness and the other graces will bear fruit. But when these two — Dispassion and longing for Freedom — are lacking, then Restfulness and the other graces are a mere appearance, like water in the desert. Chief among the causes of Freedom is devotion, the intentness of the soul on its own nature. Or devotion may be called intentness on t…",0,0.0,False,False,True,False,False,False,False,False,False,True,False,False,manual_section_review,,,,
advaita_sankara_johnston_1946_crest_jewel,advaita,The Crest-Jewel of Wisdom and Other Writings of Sankaracharya,advaita_sankara_johnston_1946_crest_jewel:section:fe190b7f41b36af38ab004bf,,,root_text,,2,540,"discerning the Eternal.” The teaching must be woven into life and character if it is to bear fruit; it is not enough to contemplate the virtue of freedom from selfishness and sensuality in the abstract. One of these treatises, “The Crest-Jewel of Wisdom,” will be translated here. It will be divided according to the natural sections of the text, beginning with the first steps on the path and endin…",0,0.0,False,False,True,False,False,False,False,False,False,True,False,False,manual_section_review,,,,
advaita_sankara_thibaut_1890_vedanta_sutras,advaita,"The Vedanta-Sutras with the Commentary by Sankaracarya, Part I",advaita_sankara_thibaut_1890_vedanta_sutras:section:0b06e40c15759bfcd222f9e5,,,commentary,,142,32088,"1. If it be objected that (from the doctrine expounded hitherto) there would result the fault of there being no room for (certain) Smritis; we do not admit that objection, because (from the rejection of our doctrine) there would result the fault of want of room for other Smritis.",0,0.0,False,False,True,False,False,False,False,False,False,True,True,False,manual_section_review,,,,
advaita_sankara_thibaut_1890_vedanta_sutras,advaita,"The Vedanta-Sutras with the Commentary by Sankaracarya, Part I",advaita_sankara_thibaut_1890_vedanta_sutras:section:0e2f1f1a2822e8ba64e4c137,,,commentary,,1,88,"INTRODUCTION VEDÂNTA-SÛTRAS WITH THE COMMENTARY BY SA@NKARÂCHÂRYA. ADHYÂYA I. Pâda I. Pâda II. Pâda III. Pâda IV. ADHYÂYA II. Pâda I. Pâda II. Transliteration of Oriental Alphabets adopted for the Translations of the Sacred Books of the East. [Transcriber's Note: The sequence ""@n"" is used to transcribe the character ""n"" with a horizontal line (a ""macron"") across the top.]",0,0.0,False,False,True,False,False,False,False,False,False,True,False,False,manual_section_review,,,,
advaita_sankara_thibaut_1890_vedanta_sutras,advaita,"The Vedanta-Sutras with the Commentary by Sankaracarya, Part I",advaita_sankara_thibaut_1890_vedanta_sutras:section:0eaeb4487945374877c37186,,,commentary,,4,853,"Adhikarana I (1, 2).—The meditation on the Âtman enjoined by Scripture is not an act to be accomplished once only, but is to be repeated again and again. Adhik. II (3).—The devotee engaged in meditation on Brahman is to view it as constituting his own Self. Adhik. III (4).—To the rule laid down in the preceding adhikarana the so-called pratîkopâsanas, i.e. those meditations in which Brahman is vi…",0,0.0,False,False,True,False,False,False,False,False,False,True,False,False,manual_section_review,,,,
advaita_sankara_thibaut_1890_vedanta_sutras,advaita,"The Vedanta-Sutras with the Commentary by Sankaracarya, Part I",advaita_sankara_thibaut_1890_vedanta_sutras:section:1079a3d47f5b1dd8cb4a92de,,,commentary,,8,1575,"Adhik. I (1-7) proves that that within which the heaven, the earth, &c. are woven (Mund. Up. II, 2, 5) is Brahman.—Adhik. II (8, 9) shows that the bhûman referred to in Ch. Up. VII, 23 is Brahman.—Adhik. III (10-12) teaches that the Imperishable in which, according to Bri. Up. III, 8, 8, the ether is woven is Brahman.—Adhik. IV (13) decides that the highest person who is to be meditated upon with…",0,0.0,False,False,True,False,False,False,False,False,False,True,False,False,manual_section_review,,,,
advaita_sankara_thibaut_1890_vedanta_sutras,advaita,"The Vedanta-Sutras with the Commentary by Sankaracarya, Part I",advaita_sankara_thibaut_1890_vedanta_sutras:section:1c8fbaac87f7dcd52e65ecb4,,,commentary,,106,24080,"1. If it be said that some (mention) that which is based on inference (i.e. the pradhâna); we deny this, because (the term alluded to) refers to what is contained in the simile of the body (i.e. the body itself); and (that the text) shows. In the preceding part of this work—as whose topic there has been set forth an enquiry into Brahman—we have at first defined Brahman (I, 1, 2); we have thereupo…",0,0.0,False,False,True,False,False,False,False,False,False,True,True,False,manual_section_review,,,,
advaita_sankara_thibaut_1890_vedanta_sutras,advaita,"The Vedanta-Sutras with the Commentary by Sankaracarya, Part I",advaita_sankara_thibaut_1890_vedanta_sutras:section:23368b5aaf1884b9e8f696ed,,,commentary,,5,912,"The first five adhikaranas lay down the fundamental positions with regard to Brahman. Adhik. I (1)2 treats of what the study of the Vedânta presupposes. Adhik. II (2) defines Brahman as that whence the world originates, and so on. Adhik. III (3) declares that Brahman is the source of the Veda. Adhik. IV (4) proves Brahman to be the uniform topic of all Vedânta-texts. Adhik. V (5-11) is engaged in…",0,0.0,False,False,True,False,False,False,False,False,False,True,False,False,manual_section_review,,,,
advaita_sankara_thibaut_1890_vedanta_sutras,advaita,"The Vedanta-Sutras with the Commentary by Sankaracarya, Part I",advaita_sankara_thibaut_1890_vedanta_sutras:section:28e5a2acb2d5fd56ac928f83,,,commentary,,18,3941,"The last pâda of the first adhyâya is specially directed against the Sâ@nkhyas. The first adhikarana (1-7) discusses the passage Katha Up. I, 3, 10; 11, where mention is made of the Great and the Undeveloped—both of them terms used with a special technical sense in the Sâ@nkhya-sâstra, avyakta being a synonym for pradhâna.—Sa@nkara shows by an exhaustive review of the topics of the Katha Upanisha…",0,0.0,False,False,True,False,False,False,False,False,False,True,True,False,manual_section_review,,,,
advaita_sankara_thibaut_1890_vedanta_sutras,advaita,"The Vedanta-Sutras with the Commentary by Sankaracarya, Part I",advaita_sankara_thibaut_1890_vedanta_sutras:section:2ad4134ab32137333542e766,,,commentary,,91,20261,"Adhik. I (1-3) returns, according to Sa@nkara, to the owner of the parâ vidyâ, and teaches that, when on his death his soul obtains final release, it does not acquire any new characteristics, but merely manifests itself in its true nature.—The explanation given by Râmânuja is essentially {Intro 84} the same, but of course refers to that vidvân whose going to Brahman had been described in the prec…",0,0.0,False,False,True,False,False,False,False,False,False,True,True,False,manual_section_review,,,,
advaita_sankara_thibaut_1890_vedanta_sutras,advaita,"The Vedanta-Sutras with the Commentary by Sankaracarya, Part I",advaita_sankara_thibaut_1890_vedanta_sutras:section:3403734d50542b38858b9c9e,,,commentary,,42,9552,"To the sacred literature of the Brahmans, in the strict sense of the term, i.e. to the Veda, there belongs a certain number of complementary works without whose assistance the student is, according to Hindu notions, unable to do more than commit the sacred texts to memory. In the first place all Vedic texts must, in order to be understood, be read together with running commentaries such as Sâyana…",0,0.0,False,False,True,False,False,False,False,False,False,True,True,False,manual_section_review,,,,
advaita_sankara_thibaut_1890_vedanta_sutras,advaita,"The Vedanta-Sutras with the Commentary by Sankaracarya, Part I",advaita_sankara_thibaut_1890_vedanta_sutras:section:4f2534e39752c882bc003bbc,,,commentary,,4,785,"The task of the second pâda is to refute, by arguments independent of Vedic passages, the more important philosophical theories concerning the origin of the world which are opposed to the Vedânta view.—The first adhikarana (1-10) is directed against the Sâ@nkhyas, whose doctrine had already been touched upon incidentally in several previous places, and aims at proving that a non-intelligent first…",0,0.0,False,False,True,False,False,False,False,False,False,True,False,False,manual_section_review,,,,
advaita_sankara_thibaut_1890_vedanta_sutras,advaita,"The Vedanta-Sutras with the Commentary by Sankaracarya, Part I",advaita_sankara_thibaut_1890_vedanta_sutras:section:5e03bc07894a6258085f38b9,,,commentary,,6,1483,"This and the two remaining pâdas of the fourth adhyâya describe the fate of the vidvân after death. According to Sa@nkara we have to distinguish the vidvân who possesses the highest knowledge, viz. that he is one with the highest {Intro 79} Brahman, and the vidvân who knows only the lower Brahman, and have to refer certain Sûtras to the former and others to the latter. According to Râmânuja the v…",0,0.0,False,False,True,False,False,False,False,False,False,True,False,False,manual_section_review,,,,
advaita_sankara_thibaut_1890_vedanta_sutras,advaita,"The Vedanta-Sutras with the Commentary by Sankaracarya, Part I",advaita_sankara_thibaut_1890_vedanta_sutras:section:671ad18b64a4041ab7e73c7a,,,commentary,,3,540,"Adhik. I, II, III (1-4; 5-6; 7) teach that the prânas (by which generic name are denoted the buddhîndriyas, karmen-driyas, and the manas) spring from Brahman; are eleven in number; and are of minute size (anu). Adhik. IV, V, VI (8; 9-12; 13) inform us also that the mukhya prâna, i.e. the vital air, is produced from Brahman; that it is a principle distinct from air in general and from the prânas d…",0,0.0,False,False,True,False,False,False,False,False,False,True,False,False,manual_section_review,,,,
advaita_sankara_thibaut_1890_vedanta_sutras,advaita,"The Vedanta-Sutras with the Commentary by Sankaracarya, Part I",advaita_sankara_thibaut_1890_vedanta_sutras:section:6b9ae96e7838e35d89361369,,,commentary,,4,771,"Adhik. I (1-17) proves that the knowledge of Brahman is not kratvartha, i.e. subordinate to action, but independent.—Adhik. II (18-20) confirms this conclusion by showing that the state of the pravrâjins is enjoined by the sacred law, and that for them vidyâ only is prescribed, not action.—Adhik. III (21, 22) decides that certain clauses forming part of vidyâs are not mere stutis (arthavâdas), bu…",0,0.0,False,False,True,False,False,False,False,False,False,True,False,False,manual_section_review,,,,
advaita_sankara_thibaut_1890_vedanta_sutras,advaita,"The Vedanta-Sutras with the Commentary by Sankaracarya, Part I",advaita_sankara_thibaut_1890_vedanta_sutras:section:6f71c29881285f751bf60631,,,commentary,,18,4341,"With the third pâda of the second adhyâya a new section of the work begins, whose task it is to describe how the individual soul is enabled by meditation on Brahman to obtain final release. The first point to be determined here is what constitutes a meditation on Brahman, and, more particularly, in what relation those parts of the Upanishads stand to each other which enjoin identical or partly id…",0,0.0,False,False,True,False,False,False,False,False,False,True,True,False,manual_section_review,,,,
advaita_sankara_thibaut_1890_vedanta_sutras,advaita,"The Vedanta-Sutras with the Commentary by Sankaracarya, Part I",advaita_sankara_thibaut_1890_vedanta_sutras:section:74f485c125e6f4e8eeede7d4,,,commentary,,11,2607,"Adhik. I (1-6) treats of the soul in the dreaming state. According to Sa@nkara the three first Sûtras discuss the question whether the creative activity ascribed to the soul in some scriptural passages produces things as real as those by which the waking soul is surrounded, or not; Sûtra 3 settles the point by declaring that the creations of the dreaming soul are mere 'Mâyâ,' since they do not fu…",0,0.0,False,False,True,False,False,False,False,False,False,True,False,False,manual_section_review,,,,
advaita_sankara_thibaut_1890_vedanta_sutras,advaita,"The Vedanta-Sutras with the Commentary by Sankaracarya, Part I",advaita_sankara_thibaut_1890_vedanta_sutras:section:959cde9a3948fa4d269abdd4,,,commentary,,1,117,"The first adhyâya has proved that all the Vedânta-texts unanimously teach that there is only one cause of the world, viz. Brahman, whose nature is intelligence, and that there exists no scriptural passage which can be used to establish systems opposed to the Vedânta, more especially the Sâ@nkhya system. The task of the two first pâdas of the second adhyâya is to rebut any objections which may be…",0,0.0,False,False,True,False,False,False,False,False,False,True,False,False,manual_section_review,,,,
advaita_sankara_thibaut_1890_vedanta_sutras,advaita,"The Vedanta-Sutras with the Commentary by Sankaracarya, Part I",advaita_sankara_thibaut_1890_vedanta_sutras:section:b0e8efb77b75f32298764d53,,,commentary,,7,1345,"Adhikarana I refutes the Sâ@nkhya objection that the acceptation of the Vedânta system involves the rejection of the Sâ@nkhya doctrine which after all constitutes a part of Smriti, and as such has claims on consideration.—To accept the Sâ@nkhya-smriti, the Vedântin replies, would compel us to reject other Smritis, such as the Manu-smriti, which are opposed to the Sâ@nkhya doctrine. The conflictin…",0,0.0,False,False,True,False,False,False,False,False,False,True,False,False,manual_section_review,,,,
advaita_sankara_thibaut_1890_vedanta_sutras,advaita,"The Vedanta-Sutras with the Commentary by Sankaracarya, Part I",advaita_sankara_thibaut_1890_vedanta_sutras:section:b3fafa0f24f7d2de167d4727,,,commentary,,4,719,"Adhik. I, II, III (1-3) reconcile the different accounts given in the Upanishads as to the stations of the way which leads the vidvân up to Brahman. Adhik. IV (4-6)—By the 'stations' we have, however, to understand not only the subdivisions of the way but also the divine beings which lead the soul on.",0,0.0,False,False,True,False,False,False,False,False,False,True,False,False,manual_section_review,,,,
advaita_sankara_thibaut_1890_vedanta_sutras,advaita,"The Vedanta-Sutras with the Commentary by Sankaracarya, Part I",advaita_sankara_thibaut_1890_vedanta_sutras:section:bc75f2984ae01a7df28fbb2f,,,commentary,,158,34061,"1. That which is inferred (by the Sâ@nkhyas, viz. the pradhâna) cannot be the cause (of the world), on account of the orderly arrangement (of the world) being impossible (on that hypothesis). Although it is the object of this system to define the true meaning of the Vedânta-texts and not, like the science of Logic, to establish or refute some tenet by mere ratiocination, still it is incumbent on…",0,0.0,False,False,True,False,False,False,False,False,False,True,True,False,manual_section_review,,,,
advaita_sankara_thibaut_1890_vedanta_sutras,advaita,"The Vedanta-Sutras with the Commentary by Sankaracarya, Part I",advaita_sankara_thibaut_1890_vedanta_sutras:section:bfa7bd1e6776ca4a91e28067,,,commentary,,1,243,"Adhik. I (1-7) teaches that the soul, when passing out of the body at the time of death, remains invested with the subtle material elements (bhûtasûkshma) which serve as an abode to the prânas attached to the soul. Adhik. II (8-11) shows that, when the souls of those who had enjoyed the reward of their good works in the moon descend to the earth in order to undergo a new embodiment, there cleaves…",0,0.0,False,False,True,False,False,False,False,False,False,True,False,False,manual_section_review,,,,
advaita_sankara_thibaut_1890_vedanta_sutras,advaita,"The Vedanta-Sutras with the Commentary by Sankaracarya, Part I",advaita_sankara_thibaut_1890_vedanta_sutras:section:c35870874450d6229b1462cf,,,commentary,,2,392,"Adhik. I (1-8) shows that the being which consists of mind, whose body is breath, &c., mentioned in Ch. Up. III, 14, is not the individual soul, but Brahman. The Sûtras of this adhikarana emphatically dwell on the difference of the individual soul and the highest Self, whence Sa@nkara is obliged to add an explanation—in his comment on Sûtra 6—to the effect that that difference is to be understood…",0,0.0,False,False,True,False,False,False,False,False,False,True,False,False,manual_section_review,,,,
advaita_sankara_thibaut_1890_vedanta_sutras,advaita,"The Vedanta-Sutras with the Commentary by Sankaracarya, Part I",advaita_sankara_thibaut_1890_vedanta_sutras:section:c60e70a3f2ab077bc510fcf3,,,commentary,,97,21827,"In the first pâda Brahman has been shown to be the cause of the origin, subsistence, and reabsorption of the entire world, comprising the ether and the other elements. Moreover, of this Brahman, which is the cause of the entire world, certain qualities have (implicitly) been declared, such as all-pervadingness, eternity, omniscience, its being the Self of all, and so on. Further, by producing rea…",0,0.0,False,False,True,False,False,False,False,False,False,True,True,False,manual_section_review,,,,
advaita_sankara_thibaut_1890_vedanta_sutras,advaita,"The Vedanta-Sutras with the Commentary by Sankaracarya, Part I",advaita_sankara_thibaut_1890_vedanta_sutras:section:ccb3581abcd084f88c5e6a2b,,,commentary,,167,37848,"1. The abode of heaven, earth, and so on (is Brahman), on account of the term 'own,' i.e. Self. We read (Mu. Up. II, 2, 5), 'He in whom the heaven, the earth, and the sky are woven, the mind also with all the vital airs, know him alone as the Self, and leave off other words! He is the bridge of the Immortal.'—Here the doubt arises whether the abode which is intimated by the statement of the heave…",0,0.0,False,False,True,False,False,False,False,False,False,True,True,False,manual_section_review,,,,
advaita_sankara_thibaut_1890_vedanta_sutras,advaita,"The Vedanta-Sutras with the Commentary by Sankaracarya, Part I",advaita_sankara_thibaut_1890_vedanta_sutras:section:cf66cc18ab1710aafae282b7,,,commentary,,205,47954,"It is a matter not requiring any proof that the object and the subject32 whose respective spheres are the notion of the 'Thou' (the Non-Ego33) and the 'Ego,' and which are opposed to each other as much as darkness and light are, cannot be identified. All the less can their respective attributes be identified. Hence it follows that it is wrong to superimpose34 upon the subject—whose Self is intell…",0,0.0,False,False,True,False,False,False,False,False,False,True,True,False,manual_section_review,,,,
advaita_sankara_thibaut_1890_vedanta_sutras,advaita,"The Vedanta-Sutras with the Commentary by Sankaracarya, Part I",advaita_sankara_thibaut_1890_vedanta_sutras:section:feb3123e9fd461eaeb15c957,,,commentary,,13,2807,"The third pâda discusses the question whether the different forms of existence which, in their totality, constitute the world have an origin or not, i.e. whether they are co-eternal with Brahman, or issue from it and are refunded into it at stated intervals. The first seven adhikaranas treat of the five elementary substances.—Adhik. I (1-7) teaches that the ether is not co-eternal with Brahman, b…",0,0.0,False,False,True,False,False,False,False,False,False,True,False,False,manual_section_review,,,,
samkhya_dasgupta_1922_history_volume1_samkhya,samkhya,"A History of Indian Philosophy, Volume 1: Samkhya Sections",samkhya_dasgupta_1922_history_volume1_samkhya:section:0f15e6056a235d8ede9da52e,,,commentary,,1,286,"1 The Vedas and their antiquity……………………………10 2 The place of the Vedas in the Hindu mind………………….10 3 Classification of the Vedic literature……………………11 4 The Sa@mhitâs………………………………………….12 5 The Brâhma@nas…………………………………………13 6 The Âra@nyakas…………………………………………14 7 The @Rg-Veda, its civilization…………………………..14 8 The Vedic gods…………………………………………16 9 Polytheism, Henotheism, and Monotheism……………………17 10 Growth of…",0,0.05,False,False,True,True,False,False,False,False,False,True,False,False,source_specific_preprocessing,,,,
samkhya_dasgupta_1922_history_volume1_samkhya,samkhya,"A History of Indian Philosophy, Volume 1: Samkhya Sections",samkhya_dasgupta_1922_history_volume1_samkhya:section:15fda4bfaa79020dc9d130a1,,,commentary,,1,187,1 In what sense is a History of Indian Philosophy possible?……62 2 Growth of the Philosophic Literature………………………65 3 The Indian systems of Philosophy………………………….67 4 Some fundamental points of agreement………………………71 1 The Karma theory…………………………………..71 2 The Doctrine of Mukti………………………………74 3 The Doctrine of Soul……………………………….75 5 The Pessimistic Attitude towards the World and the Optimistic Faith in th…,0,0.044,False,False,True,True,False,False,False,False,False,True,False,False,source_specific_preprocessing,,,,
samkhya_dasgupta_1922_history_volume1_samkhya,samkhya,"A History of Indian Philosophy, Volume 1: Samkhya Sections",samkhya_dasgupta_1922_history_volume1_samkhya:section:1d509b9a16b872d132f50ac8,,,commentary,,1,77,"nikhilam anujachittaM jñânasûtrair naverya@h sajabhiva kusumânâM kâlandhhrair vidhatte/ sa laghum api mamaitaM prAchyavijñânatantuM upah@rtamatibhaktyâ modatâM mai g@rhîtvâ// May He, who links the minds of all people, through the apertures of time, with new threads of knowledge like a garland of flowers, be pleased to accept this my thread of Eastern thought, offered, though it be small, with the…",0,0.003,False,False,True,False,False,False,False,False,False,True,False,False,manual_section_review,,,,
samkhya_dasgupta_1922_history_volume1_samkhya,samkhya,"A History of Indian Philosophy, Volume 1: Samkhya Sections",samkhya_dasgupta_1922_history_volume1_samkhya:section:20be0c098456a7e8228082c2,,,commentary,,81,18309,"THE EARLIER UPANI@SADS [Footnote ref 1]. (700 B.C.-600 B.C.) The place of the Upani@sads in Vedic literature. Though it is generally held that the Upani@sads are usually attached as appendices to the Âra@nyakas which are again attached to the Brâhma@nas, yet it cannot be said that their distinction as separate treatises is always observed. Thus we find in some cases that subjects which we should…",0,0.000963,False,False,True,False,False,False,False,False,True,True,True,False,source_specific_preprocessing,,,,
samkhya_dasgupta_1922_history_volume1_samkhya,samkhya,"A History of Indian Philosophy, Volume 1: Samkhya Sections",samkhya_dasgupta_1922_history_volume1_samkhya:section:25aa0b59416fdf7fb3b38144,,,commentary,,89,20498,"The Origin of Jainism. Notwithstanding the radical differences in their philosophical notions Jainism and Buddhism, which were originally both orders of monks outside the pale of Brahmanism, present some resemblance in outward appearance, and some European scholars who became acquainted with Jainism through inadequate samples of Jaina literature easily persuaded themselves that it was an offshoot…",0,0.001045,False,False,True,False,False,False,False,False,True,True,True,False,source_specific_preprocessing,,,,
samkhya_dasgupta_1922_history_volume1_samkhya,samkhya,"A History of Indian Philosophy, Volume 1: Samkhya Sections",samkhya_dasgupta_1922_history_volume1_samkhya:section:3b39c7456c183aafb52dc643,,,commentary,,2,306,1 A Comparative Review…………………………………….367 2 The Mîmâ@msâ Literature………………………………….369 3 The Parata@h-prâmâ@nya doctrine of Nyâya and the Svata@h-prâmâ@nya doctrine of Mîmâ@msâ……………………..372 4 The place of Sense-organs in Perception……………………375 5 Indeterminate and Determinate Perception…………………..378 6 Some Ontological Problems connected with the Doctrine of Perception………………………………………………379 7 The Nature…,0,0.0285,False,False,True,False,False,False,False,False,False,True,False,False,manual_section_review,,,,
samkhya_dasgupta_1922_history_volume1_samkhya,samkhya,"A History of Indian Philosophy, Volume 1: Samkhya Sections",samkhya_dasgupta_1922_history_volume1_samkhya:section:46cc30e8447c79727a0a989d,,,commentary,,10,2238,"The old civilisation of India was a concrete unity of many-sided developments in art, architecture, literature, religion, morals, and science so far as it was understood in those days. But the most important achievement of Indian thought was philosophy. It was regarded as the goal of all the highest practical and theoretical activities, and it indicated the point of unity amidst all the apparent…",0,0.0,False,False,True,False,False,False,False,False,False,True,False,False,manual_section_review,,,,
samkhya_dasgupta_1922_history_volume1_samkhya,samkhya,"A History of Indian Philosophy, Volume 1: Samkhya Sections",samkhya_dasgupta_1922_history_volume1_samkhya:section:4cd008ee04fd88211569f18a,,,commentary,,160,35843,"THE KAPILA AND THE PÂTAÑJALA SA@MKHYA (YOGA) [Footnote ref 1]. A Review. The examination of the two ancient Nâstika schools of Buddhism and Jainism of two different types ought to convince us that serious philosophical speculations were indulged in, in circles other than those of the Upani@sad sages. That certain practices known as Yoga were generally prevalent amongst the wise seems very probabl…",0,0.000997,False,False,True,False,False,False,False,False,True,True,True,False,source_specific_preprocessing,,,,
samkhya_dasgupta_1922_history_volume1_samkhya,samkhya,"A History of Indian Philosophy, Volume 1: Samkhya Sections",samkhya_dasgupta_1922_history_volume1_samkhya:section:6bdfd66a48d5b4393a824e5f,,,commentary,,1,75,"The work and ambition of a life-time is herein humbly dedicated with supreme reverence to the great sages of India, who, for the first time in history, formulated the true principles of freedom and devoted themselves to the holy quest of truth and the final assessment and discovery of the ultimate spiritual essence of man through their concrete lives, critical thought, dominant will and self-deni…",0,0.0,False,False,True,False,False,False,False,False,False,True,False,False,manual_section_review,,,,
samkhya_dasgupta_1922_history_volume1_samkhya,samkhya,"A History of Indian Philosophy, Volume 1: Samkhya Sections",samkhya_dasgupta_1922_history_volume1_samkhya:section:6f9514f1cd4055f7bed57bbf,,,commentary,,41,9060,"The Vedas and their antiquity. The sacred books of India, the Vedas, are generally believed to be the earliest literary record of the Indo-European race. It is indeed difficult to say when the earliest portions of these compositions came into existence. Many shrewd guesses have been offered, but none of them can be proved to be incontestably true. Max Müller supposed the date to be 1200 B.C., Hau…",0,0.001024,False,False,True,False,False,False,False,False,True,True,True,False,source_specific_preprocessing,,,,
samkhya_dasgupta_1922_history_volume1_samkhya,samkhya,"A History of Indian Philosophy, Volume 1: Samkhya Sections",samkhya_dasgupta_1922_history_volume1_samkhya:section:7075c3f85362ce665182bda1,,,commentary,,58,13009,"Comprehension of the philosophical Issues more essential than the Dialectic of controversy. Pramâ@na in Sanskrit signifies the means and the movement by which knowledge is acquired, pramâtâ means the subject or the knower who cognizes, pramâ the result of pramâ@na—right knowledge, prameya the object of knowledge, and prâmâ@nya the validity of knowledge acquired. The validity of knowledge is somet…",0,0.000621,False,False,True,False,False,False,False,False,True,True,True,False,source_specific_preprocessing,,,,
samkhya_dasgupta_1922_history_volume1_samkhya,samkhya,"A History of Indian Philosophy, Volume 1: Samkhya Sections",samkhya_dasgupta_1922_history_volume1_samkhya:section:72622247d59011e68ef6572a,,,commentary,,1,6,"First Edition: Cambridge, 1922",0,0.0,False,False,True,False,False,False,False,False,False,True,False,False,manual_section_review,,,,
samkhya_dasgupta_1922_history_volume1_samkhya,samkhya,"A History of Indian Philosophy, Volume 1: Samkhya Sections",samkhya_dasgupta_1922_history_volume1_samkhya:section:76da372f90074156fdb9a021,,,commentary,,2,460,1 The Origin of Jainism…………………………………..169 2 Two Sects of Jainism……………………………………170 3 The Canonical and other Literature of the Jains……………171 4 Some General Characteristics of the Jains…………………172 5 Life of Mahâvîra……………………………………….173 6 The Fundamental Ideas of Jaina Ontology…………………..173 7 The Doctrine of Relative Pluralism (Anekântavâda)………….175 8 The Doctrine of Nâyas…………………………………..176 9 The Doctr…,0,0.050934,False,False,True,True,False,False,False,False,False,True,False,False,source_specific_preprocessing,,,,
samkhya_dasgupta_1922_history_volume1_samkhya,samkhya,"A History of Indian Philosophy, Volume 1: Samkhya Sections",samkhya_dasgupta_1922_history_volume1_samkhya:section:901c4badad8dca0a6c99125b,,,commentary,,1,1,1,0,0.045,False,False,True,True,False,False,False,False,False,True,False,False,source_specific_preprocessing,,,,
samkhya_dasgupta_1922_history_volume1_samkhya,samkhya,"A History of Indian Philosophy, Volume 1: Samkhya Sections",samkhya_dasgupta_1922_history_volume1_samkhya:section:93ad36cef75d32bcc6ecc753,,,commentary,,2,487,1 Criticism of Buddhism and Sâ@mkhya from the Nyâya standpoint…274 2 Nyâya and Vais'e@sika sûtras……………………………..276 3 Does Vais'e@sika represent an old school of Mîmâ@msâ?……….280 4 Philosophy in the Vais'e@sika sûtras………………………285 5 Philosophy in the Nyâya sûtras……………………………294 6 Philosophy of Nyâya sûtras and Vais'e@sika sûtras…………..301 7 The Vais'e@sika and Nyâya Literature………………………305 8 The main d…,0,0.0485,False,False,True,True,False,False,False,False,False,True,False,False,source_specific_preprocessing,,,,
samkhya_dasgupta_1922_history_volume1_samkhya,samkhya,"A History of Indian Philosophy, Volume 1: Samkhya Sections",samkhya_dasgupta_1922_history_volume1_samkhya:section:9e12ff22cc96de790fc3c426,,,commentary,,87,19549,"MÎMÂ@MSÂ PHILOSOPHY [Footnote ref 1] A Comparative Review. The Nyâya-Vais'e@sika philosophy looked at experience from a purely common sense point of view and did not work with any such monistic tendency that the ultimate conceptions of our common sense experience should be considered as coming out of an original universal (e.g. prak@rti of the Sâm@khya). Space, time, the four elements, soul, etc.…",0,0.000621,False,False,True,False,False,False,False,False,True,True,True,False,source_specific_preprocessing,,,,
samkhya_dasgupta_1922_history_volume1_samkhya,samkhya,"A History of Indian Philosophy, Volume 1: Samkhya Sections",samkhya_dasgupta_1922_history_volume1_samkhya:section:a70f39e5e94846a2d593d579,,,commentary,,2,502,"1 A Review………………………………………………208 2 The Germs of Sâ@mkhya in the Upani@sads…………………..211 3 Sâ@mkhya and Yoga Literature…………………………….212 4 An Early School of Sâ@mkhya……………………………..213 5 Sâ@mkhya kârikâ, Sâ@mkhya sûtra, Vâcaspati Mis'ra and Vijñâna Bhiksu………………………………………………….222 6 Yoga and Patañjali……………………………………..226 7 The Sâ@mkhya and the Yoga doctrine of Soul or Purusa……….238 8 Thought and Matter………………",0,0.05,False,False,True,True,False,False,False,False,False,True,False,False,source_specific_preprocessing,,,,
samkhya_dasgupta_1922_history_volume1_samkhya,samkhya,"A History of Indian Philosophy, Volume 1: Samkhya Sections",samkhya_dasgupta_1922_history_volume1_samkhya:section:b2a7655800934a5a222bcd5b,,,commentary,,222,48809,"Many scholars are of opinion that the Sâ@mkhya and the Yoga represent the earliest systematic speculations of India. It is also suggested that Buddhism drew much of its inspiration from them. It may be that there is some truth in such a view, but the systematic Sâ@mkhya and Yoga treatises as we have them had decidedly been written after Buddhism. Moreover it is well-known to every student of Hind…",0,0.001473,True,False,True,False,False,False,False,False,True,True,True,False,source_specific_preprocessing,,,,
samkhya_dasgupta_1922_history_volume1_samkhya,samkhya,"A History of Indian Philosophy, Volume 1: Samkhya Sections",samkhya_dasgupta_1922_history_volume1_samkhya:section:bc5e1e8187aae02a1ba5d03c,,,commentary,,2,301,1 The place of the Upani@sads in Vedic literature……………28 2 The names of the Upani@sads; Non-Brahmanic influence……….30 3 Brâhma@nas and the Early Upani@sads………………………31 4 The meaning of the word Upani@sad………………………..38 5 The composition and growth of diverse Upani@sads…………..38 6 Revival of Upani@sad studies in modern times………………39 7 The Upani@sads and their interpretations………………….41 8 The quest afte…,0,0.03225,False,False,True,True,False,False,False,False,False,True,False,False,source_specific_preprocessing,,,,
samkhya_dasgupta_1922_history_volume1_samkhya,samkhya,"A History of Indian Philosophy, Volume 1: Samkhya Sections",samkhya_dasgupta_1922_history_volume1_samkhya:section:c4783422e483eea9d86a4d42,,,commentary,,2,344,1 Comprehension of the Philosophical Issues more essential than the Dialectic of Controversy………………………………406 2 The philosophical situation: a Review……………………..408 3 Vedânta Literature………………………………………418 4 Vedânta in Gau@dapâda……………………………………420 5 Vedânta and Sa@nkara (788-820 A.D.)……………………….429 6 The main idea of the Vedânta philosophy……………………439 7 In what sense is the world-appearance false?……………….4…,0,0.0355,False,False,True,True,False,False,False,False,False,True,False,False,source_specific_preprocessing,,,,
samkhya_dasgupta_1922_history_volume1_samkhya,samkhya,"A History of Indian Philosophy, Volume 1: Samkhya Sections",samkhya_dasgupta_1922_history_volume1_samkhya:section:c829038ea029b507dccd2216,,,commentary,,1,44,"February, 1922. _____________________________________________________________________ [Footnote 1: May the noble-minded scholars instead of cherishing ill feeling kindly correct whatever errors have been here committed through the dullness of my intellect in the way of wrong interpretations and misstatements.]",0,0.003,False,False,True,False,False,False,False,False,False,True,False,False,manual_section_review,,,,
samkhya_dasgupta_1922_history_volume1_samkhya,samkhya,"A History of Indian Philosophy, Volume 1: Samkhya Sections",samkhya_dasgupta_1922_history_volume1_samkhya:section:cd62e7e8cf03630fa7f6f10a,,,commentary,,19,4248,"The achievements of the ancient Indians in the field of philosophy are but very imperfectly known to the world at large, and it is unfortunate that the condition is no better even in India. There is a small body of Hindu scholars and ascetics living a retired life in solitude, who are well acquainted with the subject, but they do not know English and are not used to modern ways of thinking, and t…",0,0.000316,False,False,True,False,False,False,False,False,True,True,True,False,source_specific_preprocessing,,,,
samkhya_dasgupta_1922_history_volume1_samkhya,samkhya,"A History of Indian Philosophy, Volume 1: Samkhya Sections",samkhya_dasgupta_1922_history_volume1_samkhya:section:d053beb275b2858b3f757491,,,commentary,,141,32643,"For the other Hindu systems of thought, the sûtras (Jaimini sûtra, Nyâya sûtra, etc.) are the only original treatises, and no foundation other than these is available. In the case of the Vedânta however the original source is the Upani@sads, and the sûtras are but an extremely condensed summary in a systematic form. S'a@nkara did not claim to be the inventor or expounder of an original system, bu…",0,0.000383,False,False,True,False,False,False,False,False,True,True,True,False,source_specific_preprocessing,,,,
samkhya_dasgupta_1922_history_volume1_samkhya,samkhya,"A History of Indian Philosophy, Volume 1: Samkhya Sections",samkhya_dasgupta_1922_history_volume1_samkhya:section:de95711e92f46d8650cd7a97,,,commentary,,2,392,1 The State of Philosophy in India before Buddha……………..78 2 Buddha: his Life………………………………………..81 3 Early Buddhist Literature………………………………..82 4 The Doctrine of Causal Connection of early Buddhism…………84 5 The Khandhas……………………………………………93 6 Avijjâ and Âsava………………………………………..99 7 Sîla and Samâdhi……………………………………….100 8 Kamma…………………………………………………106 9 Upani@sads and Buddhism…………………………………109 10 The Schools of…,0,0.0425,False,False,True,True,False,False,False,False,False,True,False,False,source_specific_preprocessing,,,,
samkhya_dasgupta_1922_history_volume1_samkhya,samkhya,"A History of Indian Philosophy, Volume 1: Samkhya Sections",samkhya_dasgupta_1922_history_volume1_samkhya:section:e2f421950f65b30078acf0a5,,,commentary,,1,136,"The vowels are pronounced almost in the same way as in Italian, except that the sound of a approaches that of o in bond or u in but, and â that of a as in army. The consonants are as in English, except c, ch in church; @t, @d, @n are cerebrals, to which English t, d, n almost correspond; t, d, n are pure dentals; kh, gh, ch, jh, @th, @dh, th, dh, ph, bh are the simple sounds plus an aspiration; ñ…",0,0.0,False,False,True,False,False,False,False,False,False,True,False,False,manual_section_review,,,,
samkhya_dasgupta_1922_history_volume1_samkhya,samkhya,"A History of Indian Philosophy, Volume 1: Samkhya Sections",samkhya_dasgupta_1922_history_volume1_samkhya:section:f47250831bd8066115ffa4dc,,,commentary,,228,51506,"Criticism of Buddhism and Sâ@mkhya from the Nyâya standpoint. The Buddhists had upset all common sense convictions of substance and attribute, cause and effect, and permanence of things, on the ground that all collocations are momentary; each group of collocations exhausts itself in giving rise to another group and that to another and so on. But if a collocation representing milk generates the co…",0,0.001013,True,False,True,False,False,False,False,False,True,True,True,False,source_specific_preprocessing,,,,
samkhya_dasgupta_1922_history_volume1_samkhya,samkhya,"A History of Indian Philosophy, Volume 1: Samkhya Sections",samkhya_dasgupta_1922_history_volume1_samkhya:section:f8b99d18904ed80d5791a67e,,,commentary,,35,7704,"In what Sense is a History of Indian Philosophy possible? It is hardly possible to attempt a history of Indian philosophy in the manner in which the histories of European philosophy have been written. In Europe from the earliest times, thinkers came one after another and offered their independent speculations on philosophy. The work of a modern historian consists in chronologically arranging thes…",0,0.000429,False,False,True,False,False,False,False,False,False,True,True,False,manual_section_review,,,,
samkhya_isvarakrishna_davies_1881_karika,samkhya,Hindu Philosophy: The Sankhya Karika of Iswara Krishna,samkhya_isvarakrishna_davies_1881_karika:section:10f4496210c2d85944eaa8be,,,root_text,,1,11,। 4 । 4. \५ + (11 ३१,0,0.045,False,False,True,True,False,False,False,False,False,True,False,False,source_specific_preprocessing,,,,
samkhya_isvarakrishna_davies_1881_karika,samkhya,Hindu Philosophy: The Sankhya Karika of Iswara Krishna,samkhya_isvarakrishna_davies_1881_karika:section:369214edb28a12ed277ea902,,,root_text,,1,16,+. १ } ४ + 41 † 1 भ्न ३ १५१ । 4,0,0.034474,False,False,True,True,False,False,False,False,False,True,False,False,source_specific_preprocessing,,,,
samkhya_isvarakrishna_davies_1881_karika,samkhya,Hindu Philosophy: The Sankhya Karika of Iswara Krishna,samkhya_isvarakrishna_davies_1881_karika:section:3a6c5e3bb1dd0093ca2ce2e5,,,root_text,,2,406,"४ ` ८,१4५.0 17111... ५५५५१५१ % „९ #"" ॐ 400 ५५ 1 ॥ | । ११ (. ४ ¢ 4 4, १३३।. (11 1.11 19017214 : 7457 47५7 71२5 (91001 ;8। 1107 17२4 (11.2२5 वि विषा) ए 4. 14160}; 0८ <£ 04. धवला का ""01.111 2 1.1८ ^) 1) 0 812 09 ५4. 64111€/€ा11) 4411-4. ०.00 3 [11 10.14.910 (6119) एष अ 1011 11410101, च. त, [८1157 4 (वाः, 1110) ४०.४५ 4 87 : पाऽ 117 ^) 12 प्राोच७ 0४ 4/९ वााकला+ (5८0111८ (& 6709 (0106 1; प्राः प्रापय प…",0,0.037161,False,False,True,True,False,False,False,False,False,True,False,False,source_specific_preprocessing,,,,
samkhya_isvarakrishna_davies_1881_karika,samkhya,Hindu Philosophy: The Sankhya Karika of Iswara Krishna,samkhya_isvarakrishna_davies_1881_karika:section:3c4fab0dac1c1e732ef4fe6e,,,root_text,,5,1105,"॥ +» । १ ¶ ई, 1 १, > गि, छ (१ ११1१ ) 4 | वै ॥ 3 कै ॥ ‰॥ ॥ ॥ नि त ॥ कि “ ~“ भा. कोने - 11 ०410 (ना 1 0 91171 810 11॥ || ^+ 200 0 11 5510 0 ^^ ॥,08१.। 0 1१^1. ऽजा ह {1*6145101८व ६10 (0111111८111014) 74 ]0प्र्ि 0.^ 125 ¢ 91911. 67 ^ (14114) 1.10). (2^1.ण्^ 1 क्रा ९९ ५ ^५014॥ 2 {-#4 ७०५५५८१1 & ! 1"" ¦ 58.20५ 8८। 1 €९२§ ४ ९२.५५८ 0 £ ॥ 4 1 01857 2021715 प्ट 1881 5६८0० 2410 1957 एप्प ॥४ ऽधञ[ (उप्र {07 30…",0,0.025487,False,False,True,False,False,False,False,False,False,True,False,False,manual_section_review,,,,
samkhya_isvarakrishna_davies_1881_karika,samkhya,Hindu Philosophy: The Sankhya Karika of Iswara Krishna,samkhya_isvarakrishna_davies_1881_karika:section:41b0b91f0f3abf0fc9feec45,,,root_text,,1,16,9 ३.० 0 (0 ५ / ¢+ # 44 # ३ 1,0,0.045,False,False,True,True,False,False,False,False,False,True,False,False,source_specific_preprocessing,,,,
samkhya_isvarakrishna_davies_1881_karika,samkhya,Hindu Philosophy: The Sankhya Karika of Iswara Krishna,samkhya_isvarakrishna_davies_1881_karika:section:6436f7375061d0713d21eff8,,,root_text,,100,21921,"॥। | ४३.६३ छ च #11 ९ 4 ए \ ॥ ॥ १.१३ ॥ ६। ] (१ ॑ ॥ | | | न > १ ‡ \/ (0) + । ५ ॥ | | | । ५१ १४ १,.१११ र , 9 1 । १५ ११. १ ५९५ ॥ ज ॥ ` 9! ® १ + . 8 4 ॥ ^ ५ । 01. 1.1 ५, ॥ ^ ॥ ११ ॥ 01 ५ ॥ ^, 4 # । १ ‡ क, । द. ' ह । ३११ # १/१ ४"" ॥ 7 ॥ ) 1.19 4) ॥1 प ""4114 भी । 9 ^ ^ १५१४१, । ५ क 9 $ 9१५ | ४ 1 „क & ^ / 1 १.४ ‰% ""0 ॥१/.॥ 0 (1 11.44 21411. 1; 4 191५ ॥ ५... | च~. व ( चै १९ | ॥ 3 ६ 11.04.14. 14 41 4} १, 1,…",0,0.027769,True,False,True,False,False,False,False,False,False,True,True,False,manual_section_review,,,,
samkhya_isvarakrishna_davies_1881_karika,samkhya,Hindu Philosophy: The Sankhya Karika of Iswara Krishna,samkhya_isvarakrishna_davies_1881_karika:section:72fd272b6ab84dd3d83610fc,,,root_text,,1,111,"' ""क ""११५६६ । ११ १५ # १, \,*दब् न ५५९ ( # &। | ५। + |, ॥ । ५ ४ 1 ॥ ^ | 2१ ॥ * 1 । + ।* ५ ' १ १ ष 11 ‡ *# ह #१ 1 । क, #० „ १0 0 91111 4"" (00.41.410; चि ४, ॥$) # # १ । 1 + व, ५ 1 ""4 ५ # # 4 ® ९१ 11 #॥ ।१ „९ 1 1 ५""",0,0.038233,False,False,True,True,False,False,False,False,False,True,False,False,source_specific_preprocessing,,,,
samkhya_isvarakrishna_davies_1881_karika,samkhya,Hindu Philosophy: The Sankhya Karika of Iswara Krishna,samkhya_isvarakrishna_davies_1881_karika:section:742ec0b2fcf101630af7ddcc,,,root_text,,299,66903,"{1€7€ 15 शआ त10€ाला16€ लाएद्ला (8७८ 810 €7६८॥. ^ 18८ लात८३४०पा-€त 10 5110४ 11181 1116 5प्7086्त॑ वन्वन ग ९901565 101 एल [तात द€ पणाया पालाः €€ाऽ 276 [ताठष्णा 15 2 2118८ आत्‌ 2 1ां52ए07दीालाञणा ग 016 एतात71€ ण 62158010 ;, 1 15 78716 गा प्रपा (€ 17162011951681 7051326 _ 11131 {116 ९2115 15 501761{1172 तालाला( {ता 15 €ी€८5. (एता. २८४. 47111, 1876). {27112 (वपो 119 € ल्ल पापऽ६ € ग {16 5वा1€ ‰111वं 85…",0,0.028609,True,False,True,False,False,False,False,False,False,True,True,False,manual_section_review,,,,
samkhya_isvarakrishna_davies_1881_karika,samkhya,Hindu Philosophy: The Sankhya Karika of Iswara Krishna,samkhya_isvarakrishna_davies_1881_karika:section:79be02eec99447cbfa1ba5ba,,,root_text,,1,3,= जन ०,0,0.0,False,False,True,False,False,False,False,False,False,True,False,False,manual_section_review,,,,
samkhya_isvarakrishna_davies_1881_karika,samkhya,Hindu Philosophy: The Sankhya Karika of Iswara Krishna,samkhya_isvarakrishna_davies_1881_karika:section:8641454d7e51b72958948a63,,,root_text,,1,19,"419 ४०2 3 द 2 द + ५ ~ (1/8? ""9 1 न 141",0,0.033,False,False,True,True,False,False,False,False,False,True,False,False,source_specific_preprocessing,,,,
samkhya_isvarakrishna_davies_1881_karika,samkhya,Hindu Philosophy: The Sankhya Karika of Iswara Krishna,samkhya_isvarakrishna_davies_1881_karika:section:9196cd482e59158468d7ceb9,,,root_text,,1,148,"=? ` ""> # कन कक) ^ मि 7 = = मत नो = ति सिति"" भि ` ति ज तः तः शि ="" कोः कि मिनाति) ति त = कोः क कि ~~ न “~~ ‰ ~ = ~ = ० | 8 ना नि किकी प ""त चर न = ~ 9), = त क नि क 9 जः ऽ८4पात^ 1८^रा८८ 07 | 15८ दयश्ि^+ ॥। । | | 1 ॥ । । | ॥ | १ ॥ ॥ 4 | । । । व | ॥ । । | | ॥",0,0.017136,False,False,True,False,False,False,False,False,False,True,False,False,manual_section_review,,,,
samkhya_isvarakrishna_davies_1881_karika,samkhya,Hindu Philosophy: The Sankhya Karika of Iswara Krishna,samkhya_isvarakrishna_davies_1881_karika:section:969ac1cea0d13487a90a18de,,,root_text,,1,85,"(1 ¶{ ठ # #॥। 1 # # 1 ज ५ 4 1; 1 $ ४ ७७“ १.१ (1 । "")41. 0444 च, ४।११ 7. 4. 1 (१, ६.३ र 1 ^ 4 ५१ 1 ` 124. १,१ ११ , 1.4"". 4.1. ८१. श १, ॥ ५ [ । +"" 1",0,0.039792,False,False,True,True,False,False,False,False,False,True,False,False,source_specific_preprocessing,,,,
samkhya_isvarakrishna_davies_1881_karika,samkhya,Hindu Philosophy: The Sankhya Karika of Iswara Krishna,samkhya_isvarakrishna_davies_1881_karika:section:a866a5e6f8a1ef9d4870ffcf,,,root_text,,1,20,चक० ~ ( ¢ \# \। (१) ।1१। 3 ५ } । 0 11,0,0.036667,False,False,True,True,False,False,False,False,False,True,False,False,source_specific_preprocessing,,,,
samkhya_isvarakrishna_davies_1881_karika,samkhya,Hindu Philosophy: The Sankhya Karika of Iswara Krishna,samkhya_isvarakrishna_davies_1881_karika:section:f8131a393bc8b694dfd012cb,,,root_text,,1,13,१ ।/. 2.1 त # | [१ च,0,0.029615,False,False,True,False,False,False,False,False,False,True,False,False,manual_section_review,,,,
samkhya_sinha_1915_samkhya_philosophy,samkhya,"The Samkhya Philosophy, Sacred Books of the Hindus, Volume 11",samkhya_sinha_1915_samkhya_philosophy:section:017c67e3e71d9cd952a2242d,,,commentary,,7,1386,"` # . (त, 2.-106 णत्तेह, + 10 भा पौद०$, 9 पऽ कोशः 097,"" त "" ुणी०8 ४06 इणो, ९०0661७ 99 [6शा0१60 ४, 15 770१6 › >56 700 ‡ नदत @ 09676""8 शवान 0 + पाला"" 60 णााभातडल्क्‌) 1६ ॥ ४0९ त्छशा॥ पोह € एमन 9 ६6 (ण्णः एव९ः 00066 18 ०0 69्भाङ्‌ ्नाह९) 84000 :- 17106 8प्रधान' 1600965 106 &00९6 शकाशाशाभण) ण भाता 1106 श्त 106 1 प्राता : । | श ए ४06 8ला066 ज 6 इुः6 ० & 800, 70 एथलीट (का ८००6 10 पर 800 00 एठा छकरा प्र…",0,0.02042,False,False,True,False,False,False,False,False,False,True,False,False,manual_section_review,,,,
samkhya_sinha_1915_samkhya_philosophy,samkhya,"The Samkhya Philosophy, Sacred Books of the Hindus, Volume 11",samkhya_sinha_1915_samkhya_philosophy:section:16437575574387c9b90cb05a,,,commentary,,48,10381,"तए 20015 0? [पाः पपाण$ प्तक) 0 र1098 8दाशन इनोगध्् ` शल हद | 40४ 2. 7. 2480, 1.9.8. (कथा) ४0५ शा. 84 एप एप्ाा.086 प | शयाते ठड = ५ ^ ष ॥ # केष एङगातवा 0लाएा, दप व्५ा 4684 ४4, 80 40080455 9 ५. ""~. ` अते वि 0 ५ (+ „2 ५ ह ष्व ~ हितैः 24 अ ॥ ५ पि . 47 7188 रिण णिक्डडि ४ ॥ ध ९१ 4"" नै. ४ मौ ङ्क । ॥ ॥ १ र ‰‰ 1 १^ ए प्रा080 वम 19.11} 11.11 [18 4:4८ 0 (1) 80२40, साप 7 त्रा पद्मा 07 (हापि ॥ 7? (ष्ण एषह ^ 0…",0,0.018276,False,False,True,False,False,False,False,False,False,True,True,False,manual_section_review,,,,
samkhya_sinha_1915_samkhya_philosophy,samkhya,"The Samkhya Philosophy, Sacred Books of the Hindus, Volume 11",samkhya_sinha_1915_samkhya_philosophy:section:19b3eb6d5020b8c3714d1358,,,commentary,,4,900,"66 ४6 ०क्ाा-णि) (06 09, 21४ णपा 06 19पानिनुकक ४० 8, ^ 116 एणा 18 8016 .- 5 7९0611111} 11476000 :-""“ 3$४81078-881॥0"" ; गर19{ 18 16 6886119 गिक ० (6 ४1&,-116 8876 18 118 0षश, शल ^ क्ङ्भाध, १.९.) ४९४५], 18 701 [700 ९९0, #प४ ङ & ण््थ नल' प्क पत कडष्ला् ण. = वृक6 छण ए1ला1008 116 {8010 17 1}€ 0986 ग 176 0क्थ 101 ए60& प0लिदधा {णा 116 ९8860118] {णि ¦ “ 0608०86 ० 1}€ [फरल म [दपाणणक, २.९. ०66६०8९ 17 8९}) €…",0,0.023252,False,False,True,False,False,False,False,False,False,True,False,False,manual_section_review,,,,
samkhya_sinha_1915_samkhya_philosophy,samkhya,"The Samkhya Philosophy, Sacred Books of the Hindus, Volume 11",samkhya_sinha_1915_samkhya_philosophy:section:242f4e8551414349c1ec6cf8,,,commentary,,133,29152,"8000, त 4६०६४ {0110 जह ए||६४०8 10 0015 7694108. 7, 9. 81118 १०५०४ ०9 ८॥॥8 00100 ०५६०४ १०४ ६० 095७ (76९०1150. 1४18 शुष्मा ०1०7, 0०७०, ४१४८ ^१।०१६0> 1. वा, / | 11. / ०9,"" ७24 1110460, {० 048 १ [६८४ > ६७० 01919, ०७६९७] ०७०210६ ० ५४५ ६७८०, ०२. “ 226 189६8६100 ० ' 6र[]ढ , (9296६09) 07 जक्णाद ०४००६७१ ज016ौ 15 #0661068113 960 1०700 [9 0४9 हनि 7 [110६-8 ० ९०१९०४० 74०068४, = क00 0) (गात 4010४. ३५४ ककण, ६४…",0,0.023132,False,False,True,False,False,False,False,False,False,True,True,False,manual_section_review,,,,
samkhya_sinha_1915_samkhya_philosophy,samkhya,"The Samkhya Philosophy, Sacred Books of the Hindus, Volume 11",samkhya_sinha_1915_samkhya_philosophy:section:28f4120ab470fd298be78bee,,,commentary,,142,30488,"{2९11९५11011 0130 4 8९९1, इषटस्तयोरिन्स्य ॥ ४ । शद ॥ वृष्टः 01849], 8667, तीः (80, ०६ 1086 (१०. रसय ताएव४, ० 114, 18. 01 #11086 {#भ०, (्शीन्न्गा ४8) 866 (10 16 ०४86) 0 1418.-313. | ए :- 8४५ ॥0006ा6त्‌ ॥0 [17४7-1 1ाठङु 16 6ावृप्ोा९त, 80 (116 8011107 898 : | (0४६ 0८ 1086 १०, 1 धी९ ०866 ० ता, [ता०क्र1९द९ ४8 866) 186 18 10 88, धौ०प्ठो) 118 ल्कतोष्ठ दीतौ, ड़ पाहकार्ण [णाद्-तणाप्रापर्व (पारगा, 018 ५28…",0,0.022314,False,False,True,False,False,False,False,False,False,True,True,False,manual_section_review,,,,
samkhya_sinha_1915_samkhya_philosophy,samkhya,"The Samkhya Philosophy, Sacred Books of the Hindus, Volume 11",samkhya_sinha_1915_samkhya_philosophy:section:2a06d9632e39427bf80f11b8,,,commentary,,20,4097,"62६0960 {5000 ६॥७ 01088 01 १४१४०६०१ ० {18 792} 97808 00 ६९8 $ 81७९१1४५ 60६४0 0 इभ8त9 (८ (012. 11. ५, 9%,8. 8,प्. श्ण), ४, एन 108) ; ""3०९ छद ४४९ ८००५९४०० 0 80०0",0,0.02683,False,False,True,False,False,False,False,False,False,True,True,False,manual_section_review,,,,
samkhya_sinha_1915_samkhya_philosophy,samkhya,"The Samkhya Philosophy, Sacred Books of the Hindus, Volume 11",samkhya_sinha_1915_samkhya_philosophy:section:2dea202cf56e0dc28ea74185,,,commentary,,130,28367,"09 ०6४88600 9 10तिप्र८ौ० (० एषण), पठ 89, 18 76 006०४ वन्माश्त {6 एष 8, 29 1069708 9 ०060161068, 811 80 911, 3817, 7870 40९8- 00# ""१४901 06886. = 07, 10 11 ९648680 2 एश 6160, {166 18 10 ८6धाण्ु ¡` णक 0 फभपा6 1086 2) फा] ० भूगृन्छा कभ 10 80कनाः 0.2 24400. - 0, 10 गवन 0 -8श0फर (6 1 '606हभ र णि †6 16818 ० ` ^+?०008066, 6 प्तौ क्षक्ष 9 ""6 इपन्न-ण४9, 016) पा 06 066 6109 [न्न #06.9पषठा' १७०४७, 7. 9 1प्र…",0,0.01884,False,False,True,False,False,False,False,False,False,True,True,False,manual_section_review,,,,
samkhya_sinha_1915_samkhya_philosophy,samkhya,"The Samkhya Philosophy, Sacred Books of the Hindus, Volume 11",samkhya_sinha_1915_samkhya_philosophy:section:2f2cc09ec24927c739feb734,,,commentary,,77,16588,„` 4 |,0,0.023523,False,False,True,False,False,False,False,False,False,True,True,False,manual_section_review,,,,
samkhya_sinha_1915_samkhya_philosophy,samkhya,"The Samkhya Philosophy, Sacred Books of the Hindus, Volume 11",samkhya_sinha_1915_samkhya_philosophy:section:330f62ac8b2c242a465118bf,,,commentary,,126,26626,"५० 0 {116 1886166 छा ४४४९0०५९ ० ००-गृन.४।॥९० ९४868, 6४, (४06 {86८ { 76001४00) एन [10ण््त्‌ फ 6 (्णपाप्ठा (०ाष्धा म 9 आआलद्ाः) 284 प्८६०ा ४0 प10708प८्(लत क ८्ट्ण््ुपा्षमा वा ५6 का), "" व4018 18 चाह, 198 शा प्रानाप्तणा€त्‌ 16168. 1118 1४8 06९ शग ४४९व्‌ नष्छ76९, 2110 16066 1 10 66 १९४४ प्रा) 91 1४1९.--35 212#2 :-- 1116 पप्पी 10४68 118 व्ाह्णक ० [ए6ापथ61८ङ म ५008 ""^ }101060८8110683 ५०68 10८ एनण्णद्व ४…",0,0.020417,False,False,True,False,False,False,False,False,False,True,True,False,manual_section_review,,,,
samkhya_sinha_1915_samkhya_philosophy,samkhya,"The Samkhya Philosophy, Sacred Books of the Hindus, Volume 11",samkhya_sinha_1915_samkhya_philosophy:section:3c4f1b45aa7967f66286eec4,,,commentary,,262,55248,"हेजा०कल्त लि) ॥16 ९ द्म णन्त्‌ धा 1४; भटो) 18 प06 €काा0 कु 10 प छहभाक९ ] प९॥ लाजा, 10९४०, पशाहणिताक्षपणा ग 00011 (४8 0178 ६ 170) 18 2170116, 1४ €7६ ०४९५ 7 867860५९ ४०० ; #0118 17 ४116 10818166 10 ¶४९४६०, 81166 ५11 €४86 18 €18106त ४ ४16 प्एाहणिणद्प्रणा ० ०016 ०0 (६.९., ग्ध), धाला९ पण्पात्‌ 6 (प्रा 0प्शा९8७ 10 इपुकडा0& ४6 ध्रडाहणि ४५० ग 00 ; 88, कालाफ;8९, तिकारणिा8णा। त {06 (णना म ४6 0१७४] जणणात कष…",0,0.022814,True,False,True,False,False,False,False,False,False,True,True,False,manual_section_review,,,,
samkhya_sinha_1915_samkhya_philosophy,samkhya,"The Samkhya Philosophy, Sacred Books of the Hindus, Volume 11",samkhya_sinha_1915_samkhya_philosophy:section:3fbd1321d41602bddafb8366,,,commentary,,108,23407,"्र०18) फालो तणापपा16866 06 [0ानणो९वक्९, ४ 07 जप, 0 0 100]01988 006 हा, पीला वपीणााहएला९ह, = पष्णाद्व ४6 प्दाव्डिंध्मा पनन्त ` 28 ला पणीनां 81१685, ०11४8], प्रा 19816, 9 प्रश्‌ & त्म ""866४६, भा 176 क्षा ० एना), 17819116 8क1ा८्छना ५0 ॥610. श 066, 987, 07 6 एषा]०86 ०१ 86800 गा अकाशोाभाश० 8{ 788, 679 18 एप्राशप्रा¢ त एएतला०6 ० [ण्ण फा ॥ रहकर 0 ह लावा 10४0 कना 9प्र0ग14॥1*611688, ्€ा6 88० ॥16 लाव 0 एषा…",0,0.023,False,False,True,False,False,False,False,False,False,True,True,False,manual_section_review,,,,
samkhya_sinha_1915_samkhya_philosophy,samkhya,"The Samkhya Philosophy, Sacred Books of the Hindus, Volume 11",samkhya_sinha_1915_samkhya_philosophy:section:411c03380e3f0cd061f152a2,,,commentary,,104,22709,"वि) [ १००००७०० . ए 6 211 .^ -5 ८1 ^ ५ (141 *^ 84284) ॥,॥\\६.। पि ^ एप्त) '8 00४06 परोप. (10111106 व ्ठाला 0१. 44101 8+दवाणि {० पठ 8119 प्रित. 1 द्मा०७€ काऽ (पाला छो {16 (कालकला त रकक्र भनि 78176 णलस्वा९6 0 [षण ४6 [णप्‌ ज ताति हह प्राणो #ी0 (पाप ० ॥0षहा्पा फला कणच्छलादछ [क प्ाण्ताद् व पल्ल) पाल्वाफणा, १8 कला ४ (0 1201182, ४86 8८५ ण भालला शि6. |",0,0.017603,False,False,True,False,False,False,False,False,False,True,True,False,manual_section_review,,,,
samkhya_sinha_1915_samkhya_philosophy,samkhya,"The Samkhya Philosophy, Sacred Books of the Hindus, Volume 11",samkhya_sinha_1915_samkhya_philosophy:section:4331959b4d2ea3fe89fb9a0f,,,commentary,,72,15659,"176 0 6 ल्म ण 016 एतपएािपत 1४ शाफपात्‌ 0 प्रातलाह।००१ पाद 1४ 8 88 प्प्टी) का सीष्ट ४8 116 दा, एष्ट धष [नत पाणौ) 1४ त फठत्मााङ्किन ८जाडलण्श्ाल्डः तललानोलत्‌ म वनामहे [र णिलापा७, ९16 , 1190 ९गाह।10168 ग्य. 7) (118 पाटणा, 1 [णद 18 21701४6 ॥० 16 पध्6 पाय, पीला, 1४ भैण 06 पालः प1१८६८००५ 181 1४ 18 पताह [प ध वना-6४18061९6 ० 09 ७१6 6106 ° 7910 धा कजा प्र८८8 मराद, (116 7911 एपानिाला॥ ० [६९।6९७९. कः, ति; 0…",0,0.02158,False,False,True,False,False,False,False,False,False,True,True,False,manual_section_review,,,,
samkhya_sinha_1915_samkhya_philosophy,samkhya,"The Samkhya Philosophy, Sacred Books of the Hindus, Volume 11",samkhya_sinha_1915_samkhya_philosophy:section:5a60aa4c2e7cc3ce416bccba,,,commentary,,131,28125,"१०७.) \ ~ 4* „^ ष 008 1, 8784 121, 188. = 1. 5",0,0.019444,False,False,True,False,False,False,False,False,False,True,True,False,manual_section_review,,,,
samkhya_sinha_1915_samkhya_philosophy,samkhya,"The Samkhya Philosophy, Sacred Books of the Hindus, Volume 11",samkhya_sinha_1915_samkhya_philosophy:section:5b5d7da39af369a5404f2a84,,,commentary,,68,15099,"० 19479 साध ज)1९60 भहत९6 & ०1९०९१0०) 86 &७२०, 20 इ छवा 2490४469, 09510 ककिः ॥।.1 1. भाविनः (90861008) ) 18, 1४०४४ ०४०४, ४06 ९०७66 ,: , |, ४ ७ 690090४ 0९ 80 8००७, 2046190 7069178, 1४०9), ६४८ 0180 18 0906 70 © 905, 9०6, 09०6, ४ ९90, एड 00 0९४78, 9111 गि [ध ० कणप, 81166 @000 ० ४९ 0955 20 . ,, 8. ६४९९ 60०४1४००. वृ 0९ ए 2010६, 008 हा, धो ९९०6, 86०0९वे एपष्डा0ङ्कं ४० तििद्करभे 984 ® {7६670 56४७त ४0७ 8…",0,0.023791,False,False,True,False,False,False,False,False,False,True,True,False,manual_section_review,,,,
samkhya_sinha_1915_samkhya_philosophy,samkhya,"The Samkhya Philosophy, Sacred Books of the Hindus, Volume 11",samkhya_sinha_1915_samkhya_philosophy:section:5ba9aa4666a8bc5253052fed,,,commentary,,159,34793,"त (षण्टा-61&0 एर्वण्लएाड, 18 &0९0प्ा11९व णि ए ४6 878० 86818161 भ ० णृन68 त एाभपु, शठ) 88 एकडडप्ार, 66.) णतो (6 एकदशः 98 प्र९४ 28 (10188. १ 17 एव्भाक्ति, 10 क्था, ४18 शोणा) 18 0 0617160716†6त्‌ 11 ४6 नान्न 7870067 ¦ 01 8४1४५8४, &॥९., 18 ^ 701 10 6 #6 एकन पला,"" ४४४ 18, 9 क्र811 ० 16 0098०67806 9 0610 ध्6 11616 कल्लर एणप४, "" एला ४6 {णि 16.801,"" {11४६ 18, ०66४०86 एधा ०180 18 ° ४/6 णि ग 82५२, ९४९, 88…",0,0.020804,False,False,True,False,False,False,False,False,False,True,True,False,manual_section_review,,,,
samkhya_sinha_1915_samkhya_philosophy,samkhya,"The Samkhya Philosophy, Sacred Books of the Hindus, Volume 11",samkhya_sinha_1915_samkhya_philosophy:section:669629382b4fdbf011f5e74f,,,commentary,,29,5900,"¶06 00 बर, ४० 11१6 8 19 € अ97क= 0 चकनक्ाण्ड भत्व =०त वकभकानु रध्भाधि~ 00409409, ड ए, 86, @8 €] 88 {70 प्रती प४९8 88 ^"" ६06 006ूधधणा ज 8 पभ 8,"""" ""06 ०6९द- १०५१ ५६४ 8407७, &20 80 ण, पपिभाशे, [ण 88, ए कनक5 ०{ _ फर ए? 80784 108, 100..110 ५ 00001008 ४०0 7 6 णि णग & §प&706, एप्वतो 1१७७, 80 9180 छ 11678 0 9९876 800 106 1106 ; 0€66 ५1686 ४0० भऽ 06106909 ; 66६०8६९ 0) ४8 इल१ 80 िशडाण ग फल) 8), पाथर कण्पापे…",0,0.022755,False,False,True,False,False,False,False,False,False,True,True,False,manual_section_review,,,,
samkhya_sinha_1915_samkhya_philosophy,samkhya,"The Samkhya Philosophy, Sacred Books of the Hindus, Volume 11",samkhya_sinha_1915_samkhya_philosophy:section:677a653489be206ea1b449d8,,,commentary,,111,24102,""" 0०0५0410९0४5 2405014४ (पप्ल' भा८१८107ध्व ४ 4 ९८44 ० तिभ पात ४ (० म्‌ 3001902182008/ 0 शशपां ४ 7ल्द्क्दाथ 0990407 ० 11@ ९०८06 ४8 0180 57001101020148 क 40 20६}४ 0िभाढुके, गः रिद्‌ शग्मा वर्बला10त््‌ ,.. 1९1९48८ 0 016 20९ 1100 ‰१४०1९८ १५९०८ 0 ५1 णण अप्प ७१९।६४४।भ०-]06४198॥ 1. 10, ९9४1916 ९९08९ ९0718188 ४11 10८८ 010 एभ्ता ०९४ ०1८ पाप १8 कप्त 0८6 100 @ (2०/20 द 16 ^ एापणा 9 8098 11 1680666 #0 8 एणु)…",0,0.023878,False,False,True,False,False,False,False,False,False,True,True,False,manual_section_review,,,,
samkhya_sinha_1915_samkhya_philosophy,samkhya,"The Samkhya Philosophy, Sacred Books of the Hindus, Volume 11",samkhya_sinha_1915_samkhya_philosophy:section:6acc433052485bf957e00384,,,commentary,,6,1317,"(216 उपकार ताव [1 021९0190 (1110 06160८60) -प])9 08४ (धाह एनात५८॥०)-014*० (9५५०४), प 76181101 ग 006 १०३९४०९ ४४१ 16 06810 31. {1९ ॥ल४प्रणा 9 त६86ाए६ा' धात 0680 9ल' ((परा-) 101 (88180) 16(्6७1 {16 (०७ ना ध८्ट्छपात म नाला पमा -८०]00881- पात्ति ४४ 006 भात 6 88716 धा06.-- 81. । 74 : - [6 वणान एनताड छण ४6 वृषा (पा प्ा6 ०००५७ इपर) : (116 ल्भा 18) दाव्ण.-31. 2742 :-1116 धप््राणय त180धत8 (116 ६00५6 इपद््व…",0,0.018287,False,False,True,False,False,False,False,False,False,True,False,False,manual_section_review,,,,
samkhya_sinha_1915_samkhya_philosophy,samkhya,"The Samkhya Philosophy, Sacred Books of the Hindus, Volume 11",samkhya_sinha_1915_samkhya_philosophy:section:71f59bd91f5761917659ee9a,,,commentary,,22,4807,"उगु 248, ज)160 ७९ 9१०6 जध0ण ४06 1698 06१119६100, >8 0९17 ४४७ 60०7556६ ०9९ 78, 0०२४०९७) 199969व` 01 697०६ ४6 पनन 1४ ="" 607७666 "" ध6 २९०1०96 ! प्त 06 9 406 श्त 9 ४४6 86048 २०१४।त७0, 0९ ऋणा 20४ 09 फडश्वि पिणन्शे( 1790 त्व्न्ताण् ६6 क अरत ५ @९४1920106 ' 90 ५ 09 "" ॐ 006 कठ ५ अक्का 0००३."" क ६6 त्याणो६ ४४०६ 0 ® हण 06ते "" 2९90106 6005848 > 29९9019 ज 150 8 0096 ०० ॥कभत्णृल्धके ० भ्त {00 हक, 0 तठ ॐ 20170 :…",0,0.023502,False,False,True,False,False,False,False,False,False,True,True,False,manual_section_review,,,,
samkhya_sinha_1915_samkhya_philosophy,samkhya,"The Samkhya Philosophy, Sacred Books of the Hindus, Volume 11",samkhya_sinha_1915_samkhya_philosophy:section:742e07e5d0e58ffc08f89d1e,,,commentary,,180,38446,"70८ 1 दव्वाठ कव ८1८ 604 ०९४ मु कपपर 21 ५0८ 60716 समानः प्रकृतेद्रेयोः ॥ १। ६६ ॥ । शणाः 30104118), 827116. ब्रहतैः एिषभपपान्‌, ० एषणा, वः एण्भ०]), 0 ४०] 01 ४8, 69. (तप ए९द्भप ४० ४6 गहाण) ग एभपाप, (""06 10080) 0 0०४ ग 8, 18 {6 89116.-69, 7001 :-एण, धता एला 8पए6ाऽशा8्प०य8, 10 087 1४ 96 [चातक 08 806 18 & 04786 ? 0 {78 प्र6 कान कश 66,",0,0.02098,False,False,True,False,False,False,False,False,False,True,True,False,manual_section_review,,,,
samkhya_sinha_1915_samkhya_philosophy,samkhya,"The Samkhya Philosophy, Sacred Books of the Hindus, Volume 11",samkhya_sinha_1915_samkhya_philosophy:section:74a12021555a740046a1c87a,,,commentary,,43,9877,"` ‰,000 :--एप्॥ #61, [10 ९४1 01676 06, 006 पाक 881६, धालप्रा6 10 प न8 प०६88061६{60 (8०९) 88 ॥6 86] 78 91164 ४० १९)? 0 धप8, प्6 पत्म 19101168 : | (ध0ण्णक्ठी 11 (18४ भल 19 पा1888061816त, 7681 प्रपलपा १088 100 गड) १ 00119611, 98 1६ 1068, {116 1468 ४118६ 1६ 18, 98 1८ फ616, 9 प्रलौपा९, 76066. ४8611 18 176४660 88 प्ाा<ध्पा९ 0 #11086 प्रा [छक 6 तोड्छपाछ्प्रणा न ्6प्ा.€ (एणा) एपाप8). = उप्लो। 18 ४116 061…",0,0.0233,False,False,True,False,False,False,False,False,False,True,True,False,manual_section_review,,,,
samkhya_sinha_1915_samkhya_philosophy,samkhya,"The Samkhya Philosophy, Sacred Books of the Hindus, Volume 11",samkhya_sinha_1915_samkhya_philosophy:section:75a61d7d4440ad9d9761aedd,,,commentary,,1,265,"1888;0008;060 प्रा0पद् कधीकहना०ा, ९ 4"" 0011४01 0 0010618, 616. वध 06 094 0४. 6 एभाठशधा दण पामा 9106 = पर6 गकु प्र9॥ शलो 18 70 ध6 ध 0486. ग्ष06, 6ए०्डंप्रणा ०६ 06 वशीष्छीण ०६ 00ष्लभञ688 10 ए०0९॥1 198 098 70816 {91 06 एषा ]0086 0६ 86610 000800060688, {0 116 8876 पथानः 98 18 8861 {6 7606600 ० प्र6 {206 1 #16 प्ता, 086, 0) 86९0पछ४ ण 16 00 8वालणा मं ४6 इपर ्म पत प्6 00९५४ (४. ९, #8॥ ०06 ४० 6 86116 {11…",0,0.024693,False,False,True,False,False,False,False,False,False,True,False,False,manual_section_review,,,,
samkhya_sinha_1915_samkhya_philosophy,samkhya,"The Samkhya Philosophy, Sacred Books of the Hindus, Volume 11",samkhya_sinha_1915_samkhya_philosophy:section:77c2faa9914219cbe7d8a5a6,,,commentary,,171,37705,"चं शल्यमपि... ४, 70 ... पेकयीतिकमिष्यपरे...1]1, 19 धीदासीम्य' चेति...7, 163 क करणं व्रयाददाविधमषान्तरमेदाव्‌...1, 38 क कमेनिमि्तः पकतेः स्वस्थामिभाषोप्यनावि्ेजिङ्कुरवत्‌. .. ए, 67 क्मनिमिर्येागाष्व...111, 67 कमेवदहष्टेवौ काठदेर...11, 60 कमोवैचित्रयादमधानचेष्टा ग्भदासबत्‌...111, 51 कर्रवैचिष्यात्वष्िवैचिश्यम्‌... ए, 41 ... कमीङुष्टवौऽ नादितः ..111, 62 ... कर्मेन्दियवुदीन्दियैराम्तरमेकावशकम्‌ ...11…",0,0.018862,False,False,True,False,False,False,False,False,False,True,True,False,manual_section_review,,,,
samkhya_sinha_1915_samkhya_philosophy,samkhya,"The Samkhya Philosophy, Sacred Books of the Hindus, Volume 11",samkhya_sinha_1915_samkhya_philosophy:section:80063392c84e6bd8d0c2fd6e,,,commentary,,48,10096,"8110 11४4१९४8 01 1116 [00888881011 ए (0080 ०्रश1688. न 410 18४ फो16] 1 ९916त्‌ भधा५ क्शान्ला०ा ० एतत्‌ [प 0086 ०8198, ` 06 ब्प6 18 वेल्छातत्‌ 0 पाल फक्ापन्डिमौमा ० एप्वताण 10611167 ज 116 00} ९५18 {19 1४४6 28067464 {0 1 फणा) [78अाप्ला 88 {4 18 [0प्रात्‌ ४, ))) (५९ „ 0986 ५ एप्वतीः, प्र शृण्नालाकणा 0 ०७6९8 10168 01266 छण] ए 70648 . 3पववा। ४68817६ परोऽ गताा8 ० प्रत ०9८४3, 1 18 7100 7लगाध[€ {0 [न्‌",0,0.019454,False,False,True,False,False,False,False,False,False,True,True,False,manual_section_review,,,,
samkhya_sinha_1915_samkhya_philosophy,samkhya,"The Samkhya Philosophy, Sacred Books of the Hindus, Volume 11",samkhya_sinha_1915_samkhya_philosophy:section:8045c412c851542611289f85,,,commentary,,72,15710,"(11. :-116 ६४110 ४५५५५९8 ४६४ शाता 16४80, 26९८७86, ५160 {16 6886४४४ णा ८00 पछ 1 (16 8916 6{४16 10 {8 ८५1६, ०1९. प्श क्णपोव ४6 शण०छ्‌ ० 080, 6श्ना (जणा 06 #णपप्$ 18 101 ४701160. ~ 36, . क १ 2०८ :-1४ *1]1 ०6 ०086र७त्‌ ४0४६ 0000 006 ©609तवशाह्० ० ४06 0०भशः 09 16017 60 व (९७०6९, 4 ०।९०१९६४४ 95868 1060 ॐ 6008116786101 ०1 ०५९7 [५ इलालत्५।, व फप्ठ, > (न) ९१०7९०१ 1४0 & 6९66810 12778, 086 ६76 [0९ 9 ९०११६९7…",0,0.026545,False,False,True,False,False,False,False,False,False,True,True,False,manual_section_review,,,,
samkhya_sinha_1915_samkhya_philosophy,samkhya,"The Samkhya Philosophy, Sacred Books of the Hindus, Volume 11",samkhya_sinha_1915_samkhya_philosophy:section:81c98fcca0b415363ca5083c,,,commentary,,47,9334,५५ एणा 18 88806189 का एश 771 प्त शि ० 8 वर्शथन्नणा व्र 018 रनक 18 8प 16 ४ ४06 १९818 ; 1176 ४९080४8 (6भफ़ 9 4017888 18 {06 8806 88 06 89४ गन्णक 0 प्निन्०प०0 =...,0,0.027028,False,False,True,False,False,False,False,False,False,True,True,False,manual_section_review,,,,
samkhya_sinha_1915_samkhya_philosophy,samkhya,"The Samkhya Philosophy, Sacred Books of the Hindus, Volume 11",samkhya_sinha_1915_samkhya_philosophy:section:85dfc61d61e2aa75528854ac,,,commentary,,33,7256,"०८४४२, [६४88 1100117 88 [दप], ६11त (78 11104} कि ५8 षाह, | एप, गा ॥16 नगल कात्‌, 18 जलाथ एणाव्टाणपहाठ४8 प्रावाशपा१५व. प्रि [7 छा दगा€ 100 वा, रणाद लमा हण गा का वा ; 16 क दवद, ' तलह 71 प्र6 ९४१९. = क्रात्‌ पालठ [ष्ण कौला) त्०णतीा6 0110५170168 ¶1॥९ कगध्6 ० 216 7 कलभ (ना[पाल्का पप्रौ (कला कान, एप 0 ॥ (णाप प्रणा 88 इप्लौ) 406 10६ 8८ ष्डतुत प ०५९ पला (न्क्ष 18 ०४०७8 एष 7002 णः [9ड्डणा. 74४ 18 8 97६6 म…",0,0.018153,False,False,True,False,False,False,False,False,False,True,True,False,manual_section_review,,,,
samkhya_sinha_1915_samkhya_philosophy,samkhya,"The Samkhya Philosophy, Sacred Books of the Hindus, Volume 11",samkhya_sinha_1915_samkhya_philosophy:section:940db13729104b33e51593a1,,,commentary,,14,3264,"410 277 109. 0०१४8 976 89६४५, ९9198, 90 (9098 12 १9 8008 ० वव्ड्शाध्र४ी {गण १6७०५76 12 09६ ०0०1०0४8 फर णिणि 12 ॥/. 8.1. ,, 2, 8.1 |, 8, 11५१ ध ब 00 पिभ 8 अ 809९ 076 क0धथ = ९९, 8 „० 12 प्रभ ध 0०6 पण्णा ४6 ण्यक ४ ०० ` {9 24 87. 07 00277018.",0,0.023903,False,False,True,False,False,False,False,False,False,True,True,False,manual_section_review,,,,
samkhya_sinha_1915_samkhya_philosophy,samkhya,"The Samkhya Philosophy, Sacred Books of the Hindus, Volume 11",samkhya_sinha_1915_samkhya_philosophy:section:9e95fbeda5dd13ecb07236a4,,,commentary,,35,7361,"0 {018 ४6 ४०४0० 1901168. ""6 8686 18 १८४६ ०0ग०पह.- 194. . ` १५४०. २०५, ५062 6 पश्वा 8 88, पताह एताणहनतैचऽ 9 फण्‌ 0०५ ० एण०७७३, ¶06 पष्लभरधषणा१ ० 06 ४००४ आते (हि उण कतो 0800087 906 ४6 एण ०068, कण्ण पण 06 €डध्ाशारत, = इप्ना 0९ जक 608 ०९९, 07.615007014: | | वक एव दि भूतात्मा भूते सूते अवलि । वथा बहवो वैव इवि जं्कयेरयत्‌ः॥ पामा 2007 1, 8८784 रङ्कषू ` भाः न0, ६४९०१४०७ 05 62681003] 8616, ज)16} 8 ०९ &0त…",0,0.021854,False,False,True,False,False,False,False,False,False,True,True,False,manual_section_review,,,,
samkhya_sinha_1915_samkhya_philosophy,samkhya,"The Samkhya Philosophy, Sacred Books of the Hindus, Volume 11",samkhya_sinha_1915_samkhya_philosophy:section:a2212606e6fd579b82f920ba,,,commentary,,108,22756,"18. 98810 14, अहिक 16, अश्नो0कड, 16. [06 0 पिनष 01 १७०८९. १४८ @९0010196 0 ए४वदाभं नृद्ढषवि काव दयमान्व एषो प्रत्ययसगों विपय॑याशक्तितुशिसिच्याख्यः । गुणवैषम्यविमदातस्य च भेास्तु पञ्चाशत्‌ ॥ ४६ ॥ शवः 17.89}, १18, पत्यक; 0181095 9""588797), ४116 ०७०८000 ४86 ण ननो 0- पष प्० ० पणद्च+ 38 7806, ४0४६ 15, 2000701. = विवैववचितुदिषदिसरदः ए 85 कध पपक्थ) ०४11 7क्षा०कप०९, कणन्ृक्भक, 60णक्डा, @00 (शारि",0,0.016066,False,False,True,False,False,False,False,False,False,True,True,False,manual_section_review,,,,
samkhya_sinha_1915_samkhya_philosophy,samkhya,"The Samkhya Philosophy, Sacred Books of the Hindus, Volume 11",samkhya_sinha_1915_samkhya_philosophy:section:a3375e1d0eecceff3fa56ff0,,,commentary,,138,30369,"¢ ग ९८॥७४ ०८४7१101 ११४, 711. 8. ; न कमेखा न प्रजया घनेन ह्यागेनैकेऽदूतत्वमानशुः । [+ * भभम 05 ५6६०, णा 05 षण्णा, 7० 05 ००1६0, (0४) ४ त्थाप्रोकनिप्िमा), इमहे | ' @४४४।१५९१ 1900१91६. वि भो०४ ८४७१४ ए०1१०६ >, 8. पशौ (अक्क 0"" ^\61101 18 10४ 1116 ९९४ ९७१86 01 [१6}९886. | ^गौ९ एकवण ४066 ५ (लौ, 1 ९०णृलक्णा काप ६००]0क्6, 98 ` 1660 80716 [पण 6 अण्ड प्तः {116 वशोकष्तजा ज एता्लषएष (1८००५6त कुर) 9 8१७४१; (¢ ९…",0,0.020409,False,False,True,False,False,False,False,False,False,True,True,False,manual_section_review,,,,
samkhya_sinha_1915_samkhya_philosophy,samkhya,"The Samkhya Philosophy, Sacred Books of the Hindus, Volume 11",samkhya_sinha_1915_samkhya_philosophy:section:a8c7dd9cf0f73d9d4a6d9e5e,,,commentary,,46,9742,"^ पणः शत इप्र०)) ०००१०६6 ४० 1616886 ४6 7श्ुभप्‌९त 88 7610 गाङ ` ¢ ४6 ०६१}; ग (6 कपौश09] 600० ०108०९६ म 6 8, ०९०७ प६९ 0 ००४४01०४ ४०५ 16 ९७४४ 011816५ {61678 ० ४16 १९५४ ६१ ४6 इण 80 6९०४५86, प्र]161 ५6 866 [6016 181८6 ६५९॥ एणृ९ा8 88 “8 1 ००४ शपि ` 7810 "", 1; 18 १८७ ०७४८ (1४{ (16 , 101०४86 ० एप्प धमार तणा 68 फट ` हप्र एपप०86 0( ५ प७०, (68109160 88 1616886. . | 44100, &8 18 {16 ९४५6 ५।४॥ {16 80 &ाप्व्‌…",0,0.018083,False,False,True,False,False,False,False,False,False,True,True,False,manual_section_review,,,,
samkhya_sinha_1915_samkhya_philosophy,samkhya,"The Samkhya Philosophy, Sacred Books of the Hindus, Volume 11",samkhya_sinha_1915_samkhya_philosophy:section:abf596e6c68b45ba086fb4fd,,,commentary,,22,4952,"१16 866 (६ 20009-806780,, ध11. 11, १6.28 1001011 15 (6166})/101८ (५०. नानुमेयलभेव क्रियाया नेविष्ठस्य ततद्रतोरेवापरोकप्रतीतेः ॥ ५। १०१ ॥ न }18, 001. शनुगेदत्वन्‌ (4 111706984५870, 179111011108. श्व ९8, 0111# निकः (ल इथ, ० 8661011, 00918, 07 ००५००. नैेदिष्ठल }१64191108898, 01 116 १687०४४ 006० पभा. तत्छषिः 194०1 2८-९81010, 0६ 1४, 8५८10०0, 91 ० ण)४४ १४ 0१ 8 (0 श्व ५४, [०९॥, {०469 छवराच्वतीतिः ^ 0810…",0,0.025823,False,False,True,False,False,False,False,False,False,True,True,False,manual_section_review,,,,
samkhya_sinha_1915_samkhya_philosophy,samkhya,"The Samkhya Philosophy, Sacred Books of the Hindus, Volume 11",samkhya_sinha_1915_samkhya_philosophy:section:b10a3afc6c61dab83d115937,,,commentary,,10,2156,"00868, 18 9176805 266000118760.- 20 किम"" ४8 ०114५0८ ९०४१८ ९१ 4-०1द॥/4, 4 -४त/६ ९०1110४ ९८ वा ना, वस्तुत्वे सिद्धान्तहानिः ॥ १।२१॥ बस्मुल्वे प 28॥-६९९, 111 116 ९186 07 ४116 1९911 ० ^-४ १६. च्वान्तहाविः० 9190)40६9 न (1088, 80214006), 2090तगाफाशा६ ०६ ४6 ४७०९५, 4-गप$$ 18 8 4 । 21. 7 76 16मा क ( ^ -रातङ$ 106 9886116 $ #06 ` 1011181, {© {1110 18) श0प्पातगान0+ 9 (118) 10160.--21 (1८ :-1 काव [6 ६मत पाह ^…",0,0.022684,False,False,True,False,False,False,False,False,False,True,False,False,manual_section_review,,,,
samkhya_sinha_1915_samkhya_philosophy,samkhya,"The Samkhya Philosophy, Sacred Books of the Hindus, Volume 11",samkhya_sinha_1915_samkhya_philosophy:section:b764ab9a6c43c75d0aac2bb3,,,commentary,,2,433,"५ ति ~ ~ क > ४41५4 4. । 09]6608 816 6006 8९081916 ० प्न-868016, ॐ -# 8प[00-86181016 07]6५#8 8९ 27०१९ {णा [9666९ 80 {00 1७४ णाद ) ८414 77. ९91 भात्‌ एपाण 86 70 0068 ग एकष्नुरनि) ,, ` | एभ८कृध्रमा 18 0४ ४6 8016 68 ग एवोत ,,. 1 44111060 6 शशा† ४0108 86 ०01 नष्श १७ || (४808 क्र 10}1 ०08०४ एनभहशू्णा 1 41५4 7177. 0िभपा, एलणद अ्धा6, 9 7०ाृनशध्कृप्रएा6 1 एप्त 18 ए0९९त्‌ णपा [6 [0 प 1 1891191, 60, 816 ध्1…",0,0.026698,False,False,True,False,False,False,False,False,False,True,False,False,manual_section_review,,,,
samkhya_sinha_1915_samkhya_philosophy,samkhya,"The Samkhya Philosophy, Sacred Books of the Hindus, Volume 11",samkhya_sinha_1915_samkhya_philosophy:section:bb726f5e299fac7cd05ac56f,,,commentary,,104,23531,"५ ॥. $30 8407९ 4.547.104 50781. व ¶॥९ 0९688100] ९2086 068 ४0६ ४९091] ००९९ त ® ८४६ [1018 0 ०८००६९७ 6४०६९88 1060 ४601101, ४४ (0९५7९ [1९८९5 पालम ५6 ०08४6168 (0 प्रनाह ०ए0कधकभण) 1050 11४6 8 1५809009, - १ ०प9-80॥870, 1४, 8, 8, ए, र, ४०. 1», ]. 270 “ #81218-11609॥ '” 16818 1116 1610) म 008961९6. - 80, {2700 ० ‰९-५70104701106 0{८€॥' 40801001} ‰1(0 [4४पप, स हि सर्ववित्‌ सैकतं ॥ ३।५६॥ त ७५], 16, 016 27080…",0,0.022278,False,False,True,False,False,False,False,False,False,True,True,False,manual_section_review,,,,
samkhya_sinha_1915_samkhya_philosophy,samkhya,"The Samkhya Philosophy, Sacred Books of the Hindus, Volume 11",samkhya_sinha_1915_samkhya_philosophy:section:c26165891c33ad3711eb5ffc,,,commentary,,60,12169,"(भ #। “कः ` दवता ५.०५740740043८7849/ „ ` 20400;-प्रभाद्छणिषकक्त, प) ॥0 06 कव 9 6 645018,` 116 कौन 086401187068, 11 (६169६ १९४४], #116 1695 0 4१०18106 11101 15 6 वाण्शम (06.116 8प)|०९८ 1120191) 76/17 ०८१७८ (०८ प७पप्०ा), [0 6116 0086 ० 1४, 16 पा] 980 १1466 प्र०० ५16 1४9०8 11868860 06016.",0,0.023449,False,False,True,False,False,False,False,False,False,True,True,False,manual_section_review,,,,
samkhya_sinha_1915_samkhya_philosophy,samkhya,"The Samkhya Philosophy, Sacred Books of the Hindus, Volume 11",samkhya_sinha_1915_samkhya_philosophy:section:c4e9436f9b1c359e55d613f2,,,commentary,,15,3349,"2002 7, 80114 1, 3१ । ¡ 1 06 2 पड 88 16 18, 22 16166 1९6 प्रन 680 अ196 70 8पलो तथभत; प&090॥6 0 +€ 10०न160&8 ४५8८ 1४ 18 इष्णाता688, ४8 ०००70 प्तय ० 97 18 101 [0768604 30 भी एणा 88 ४8 91 6886181 वषडलभाभ९, ४110 18 0नधर्णि6 8 788पा४ ४0 706 86८पा6९व ४४ ए्णपाधाक्‌ धका ` वव्ने, 71न6्0ण्छ) ४18४ ० 8660प्ण४ ज शाण 894 ८6 1116, ०००-शत€066 म भा 1085 %५6६४8101911$ 60106 #0 06 8) 070]€८# 9 ०6876 £ ध॥6 एपयपकछ ;…",0,0.021133,False,False,True,False,False,False,False,False,False,True,True,False,manual_section_review,,,,
samkhya_sinha_1915_samkhya_philosophy,samkhya,"The Samkhya Philosophy, Sacred Books of the Hindus, Volume 11",samkhya_sinha_1915_samkhya_philosophy:section:c53eeb2bbd784c4a95d9e012,,,commentary,,166,36815,नकन 1427. 07 0021700176. 1: „_ _ ------------~---------------------------------~,0,0.0194,False,False,True,False,False,False,False,False,False,True,True,False,manual_section_review,,,,
samkhya_sinha_1915_samkhya_philosophy,samkhya,"The Samkhya Philosophy, Sacred Books of the Hindus, Volume 11",samkhya_sinha_1915_samkhya_philosophy:section:c7791fd1cdfbceb6aeb8eda5,,,commentary,,71,15745,"चि ~ रिः „१? ,. जु, ~र ५. ¢ ^ - न पित 16 1 00 86068 ४ एषण ५० 8 क भद, - ¶06 8०? 1४ नि कण 90010100 &8 165 @2861108).18 1 नभा७, ४7 9 918,",0,0.020807,False,False,True,False,False,False,False,False,False,True,True,False,manual_section_review,,,,
samkhya_sinha_1915_samkhya_philosophy,samkhya,"The Samkhya Philosophy, Sacred Books of the Hindus, Volume 11",samkhya_sinha_1915_samkhya_philosophy:section:c8f26688f70f84830007ec28,,,commentary,,101,21360,"., न 9 भाङ्‌ स?१६०० [9 इभ, 0? ६७०९७ {& ०0०५४०६ 19 ६6 20942 1४००{ ४० [११। ०४० प 9 कदर 19 पषड०० 1७ 9 १०६५६६०. 70७ वेत(८ ० 5 भिका 7४६०7 ०७9 ¢ ०१०९२ ४ 1४ ।७ 206 9 १७०४६१०१. । ॥ | ` ‰2 8410/774-7847407474-360754॥. ' ननाम 1 98 षाशा९३ [1 8॥ 198, 70 {16 गूोणाभा), एन विल्णेभ्रश्त ए ४6 णत ^ 8तव)11 "" ग वकनुणृाला(, = 0 1४ 18 [ातक९वह6 म #78 व6ब्न्णय 09 99 066 ९918 [11816] &१ 6108 16 ०86 0 7९1९७७6, फ प6 एण 070…",0,0.022073,False,False,True,False,False,False,False,False,False,True,True,False,manual_section_review,,,,
samkhya_sinha_1915_samkhya_philosophy,samkhya,"The Samkhya Philosophy, Sacred Books of the Hindus, Volume 11",samkhya_sinha_1915_samkhya_philosophy:section:d3b00434b6088dd24d82c9cb,,,commentary,,58,13222,"कटं 1. 1), 1. 100, ४. 1, बाधात्‌ 1. 147, ५. ८२, +. 98, 02: ... 157, ५.4 ... ... %, 158, 388, 387 445, 477, 51॥ करदष्षेनात्‌ ». 1 ... 388 वाधावाधात्‌ ५.६6 .. 4) ` कलनिष्पिः ५. 2 „.. 380 वाच्यते ;. 50 9 कलावगप्रः 1. 100 ,,, 158 बाधि 111. 77 ,, 959 फलापमागः 1. 105 .., 11 बाधितासुबुस्या 111. 77 ... 262 बाल 1. 26 ... ,,. ५4",0,0.025663,False,False,True,False,False,False,False,False,False,True,True,False,manual_section_review,,,,
samkhya_sinha_1915_samkhya_philosophy,samkhya,"The Samkhya Philosophy, Sacred Books of the Hindus, Volume 11",samkhya_sinha_1915_samkhya_philosophy:section:d59a0d146cff58ce5d25aa65,,,commentary,,46,9571,"[णमी । 9०64086 898 18 68180186 ए 0068118 ग शध 87 191६8, पाणणद्ठी 01116610 > €06५# 811 ९886, 11 18 11688 0106167068 (भणश 87 196) धभ 96 118 ताशाभ०18 0 18&11१6.-90 2114000 :--2५†, धल, 1४ पु 06 28160, 4068 ४166 ९8, गः 0066 00, ¢ ॥01& 18910 #116 7801146 ग कषा धना ? एल एलण् एतमा) {0 शप्रलो शषा ९00 पाक, ४16 भपप्राम प्राश68 ध16 अलाभ) ज 108&ा1॥पत6 :",0,0.023213,False,False,True,False,False,False,False,False,False,True,True,False,manual_section_review,,,,
samkhya_sinha_1915_samkhya_philosophy,samkhya,"The Samkhya Philosophy, Sacred Books of the Hindus, Volume 11",samkhya_sinha_1915_samkhya_philosophy:section:dbc2cf2320105a62cf5d2081,,,commentary,,40,9048,"81811 17 ध6 रक्षतत ०( एशापद् पञ्प्ाशागे ॥0 18 कत्ठतेपला०. णिष्डशाार (18 8 शि 0 एण), ०6५७प७6 ० 18 ९०6 088008० का) एण, एच 18 ४0७ & १००४१1९ 0"" ०२९०१९११९८) १6८0०86 1६ ९०149108 ४166100, ००९०8008, 87 भण्दुप्ो। 88 108 ए७ु 68068, 22 841/17884.2124 74074174 .8८1""4॥ | 2001 177, 8774 1. 288 च न --___________[___~~~~~-~~~]~~~ ~~~ ~~~ ६.५.118, 8600170 01181168 1४, {{४¢ 18, 13 पात्णणाता। मं १6606 0086, 18 ^-#त…",0,0.021224,False,False,True,False,False,False,False,False,False,True,True,False,manual_section_review,,,,
samkhya_sinha_1915_samkhya_philosophy,samkhya,"The Samkhya Philosophy, Sacred Books of the Hindus, Volume 11",samkhya_sinha_1915_samkhya_philosophy:section:e198b3f37f13e64b450c94bb,,,commentary,,92,19546,"4&. ४ ... 7, 9 49 1. । ऊर 34, 44. 1, 21 6 .: 3: ( 65 ) ७६, ,० 40 ,,.13, 48 ह; 11४ ०७ 43 2९1 । ,,, 44 ,. 98 पात्‌ ग* „०, «48 ,,. 48 ,„ 47 ४ 19 ब उ, उड, उ], र], 111, 119, 19, 4, 535, 35, 41] वशात्‌ 17४11 ,.. 49 बोक्‌ गह], अदा हयव उभा .. .. 1 मेदा? २२९1 + 399 ७. 1 ,„ 40 1 22111 ८; वकारः; .. ... १ डतिः 11} ,., ८. १ ॥ + 1 च 11 8१, 187 % त रैना गी]... „35, 41",0,0.020841,False,False,True,False,False,False,False,False,False,True,True,False,manual_section_review,,,,
samkhya_sinha_1915_samkhya_philosophy,samkhya,"The Samkhya Philosophy, Sacred Books of the Hindus, Volume 11",samkhya_sinha_1915_samkhya_philosophy:section:e1e2597723ca5ec789ae4864,,,commentary,,36,7559,"0 06 णि प्त पत्ता 0 = ०9त्लप्णा 8{०॥९6तं ०00० 1 18806०४ ० 8 06108 {116 6486 ० णातढद्० 0 ालफाह ० (6 (गा पाटणा ४० ४6 त ण्त्‌ 11 #6 86वृ प्रमा. ज्र, 111 #6 ४1९ ० (1५ ९०९४ पातै ४७० 7 (6 16४ ० (16 कणाद की पापीय [पर्वा ४.- 22, 4009८ @&011(४1८4ध.",0,0.020504,False,False,True,False,False,False,False,False,False,True,True,False,manual_section_review,,,,
samkhya_sinha_1915_samkhya_philosophy,samkhya,"The Samkhya Philosophy, Sacred Books of the Hindus, Volume 11",samkhya_sinha_1915_samkhya_philosophy:section:e6f22e25cf4e350eb4c4daa6,,,commentary,,11,2481,"63. 1/116 & 07878116 ए्म्पिणथ ; ¶ृ प७८ 88, ०0 06 9{9&6, ०४७ 81) {6 8891106 एश 188 {116 [815 0१ ए9ा8ईपाी ०8, 4] 60868 &1त ४ 8150768, 80 116 88716 8४१०४५16 2०4 ""भु 96 111 ८४5 2005 ह » ०0 ० 9१ शला 0 , & 17180. 176€ 799] 804 णलः) 9 ९७०868 ग {18 ॥्ढ0801&ाशागा ०9 ""6 ऽप ४५16 ०4 19 &609] 870 1690660 रुङ़ ४७ एष 0०88 ग एपापडड 8०१ एभपा् 81 76 {गि081 211 र0िकाना॥ दढपञ७छ क 116 वक्छ्ाप्र ०6 एभल्पकषः णाहूक्माह…",0,0.01991,False,False,True,False,False,False,False,False,False,True,False,False,manual_section_review,,,,
samkhya_sinha_1915_samkhya_philosophy,samkhya,"The Samkhya Philosophy, Sacred Books of the Hindus, Volume 11",samkhya_sinha_1915_samkhya_philosophy:section:fddfdb1a28070f38c3ef800f,,,commentary,,45,9740,"विध, 8, ए. ए 9०1 ¶ा, 0"" 31.516 00 7, 8८74 ९॥ 2, %. ` 407 1166 10 (छा ॥(द९ ॥९ भो दद्दा ज ८ ४९1९ वाधा] {0 116 ८08९ ण ^4-1)09118 ? | {1 1४ 38 पह ०01९५66, ९ गु पा शल] 18 पत {16 लह. = [त्लपाष्€ ५५ §्षा040क0 प्क्कणाा ', वणा 1६, ण्ण 1 16 पितोता एह (८वप्णाह्क प (९ वाट 9 एणा किवोाह चः -१- [षाद ; १8, ०11१९, ण 101४८ [ण पालणाइ इलो कह : परदारान्न गण्छेत्‌ 0016 8091 110८ 2108९} ०६1८ ]५०[01५ 9 ५1१९४, \४।|] पलफथ…",0,0.021365,False,False,True,False,False,False,False,False,False,True,True,False,manual_section_review,,,,
samkhya_vachaspati_jha_1896_tattva_kaumudi,samkhya,An English Translation with the Sanskrit Text of the Tattva-Kaumudi,samkhya_vachaspati_jha_1896_tattva_kaumudi:section:018e32cab77c8dcf6af4d14f,,,commentary,,1,21,"50 Introduction 22 51 Knowledge of Nature &c., through Inference 23 62 Knowledge of others by Revelation 23",0,0.0,False,False,True,False,False,False,False,False,False,True,False,False,manual_section_review,,,,
samkhya_vachaspati_jha_1896_tattva_kaumudi,samkhya,An English Translation with the Sanskrit Text of the Tattva-Kaumudi,samkhya_vachaspati_jha_1896_tattva_kaumudi:section:023e7f6e11c9f55b27a7a9bb,,,commentary,,13,2558,"5*1^, “jarRFT.^^TOiir^” II («i^) ?pp<»nc*r^- i 5 nr?i.^r 4 ??i«fL^ 5 tl, (v)U — “5RT5[opfIT^” i 5f»r4pi (fiiwcR^R?^ I Jffl ^r^orrfe^r ^OT =^ ^ ^ cTsefjRi II ^i 4 w 5 PiT«irPr — ( \ ) ?! qs^sr- («o)^^qT- ^ TW, fiRj^ tTci^cpq sr;if ^ 5 Tqf^^ q«ir mi- ’UFT I qs^Hr, cpuT^fmf^mq^ I ( ^ ) ^qr^^qi^- srpq'r^cPcq cpgqs^: | qqt#=?T^F^?r ^RF^qica^'^q- mqtf qqr \ <pgq 3 ^: | cpm^ir-",0,0.003615,False,False,True,False,False,False,False,False,False,True,False,False,manual_section_review,,,,
samkhya_vachaspati_jha_1896_tattva_kaumudi,samkhya,An English Translation with the Sanskrit Text of the Tattva-Kaumudi,samkhya_vachaspati_jha_1896_tattva_kaumudi:section:02893c307f550c1bf526bf7e,,,commentary,,4,730,"For the little we know of Vachasjiati Misra the reader i>s referred to the Sanskrit Introdnction ; wherein it is shown that he was a Maithila Brahmaua and flourished somewhere about the 9th (Hentury A. 1). For IJdayauacluirya the author of the *\Parisnddi” on Vacliaspati Misra’s ""‘Tatparya-Tika,’* flonrishSU in tlio reijL^ii of king Lakshinana Sen of Bengal, — of whose era we have jnst oe-mmeuced…",0,0.009,False,False,True,False,False,False,False,False,False,True,False,False,manual_section_review,,,,
samkhya_vachaspati_jha_1896_tattva_kaumudi,samkhya,An English Translation with the Sanskrit Text of the Tattva-Kaumudi,samkhya_vachaspati_jha_1896_tattva_kaumudi:section:0c86e104de87fd955150e888,,,commentary,,1,8,169 Functions of the ten sense — organs,0,0.0,False,False,True,False,False,False,False,False,False,True,False,False,manual_section_review,,,,
samkhya_vachaspati_jha_1896_tattva_kaumudi,samkhya,An English Translation with the Sanskrit Text of the Tattva-Kaumudi,samkhya_vachaspati_jha_1896_tattva_kaumudi:section:0cef181b1ecae447c6f38268,,,commentary,,19,3741,"95%cW5?TR f^fNcrWw, fg 3 %tci II ?i?ir sft qsiT^ ?T5ii?ft- *T ^ ^^^sejoj sifq^ I ff clt^iT- or^, H^Usjqcq^fqr^w fq^JejRfJif^qf^q: qeq^rqNtr s«^»^KFW , w qfl^cq^qi^^q ^q®e^ qfif: I it sq < 5 ^: ^rmmmt ?gr?i^gTqf^ ^ftcR^q g^q^ ^tTqrl ^ ^fRFW ^ grqr^Rq, erlf^qte^clfiol^ I ^T^S^qcS^IORq ^rqpqf^trq^q ^TRTFqit CgqgqrqT'i??^: | ^ll f^pfrq^^cHcq^qirqT f^qqrci; )| siir5iqjf55is5?srqoraTR?cT? JTqt3qi5sri^%…",0,0.005263,True,False,True,False,False,False,False,False,False,True,True,False,manual_section_review,,,,
samkhya_vachaspati_jha_1896_tattva_kaumudi,samkhya,An English Translation with the Sanskrit Text of the Tattva-Kaumudi,samkhya_vachaspati_jha_1896_tattva_kaumudi:section:108c93beb2ff2841c438b0a7,,,commentary,,3,488,"The set of eleven proceeds from the modified principle • of Egoism, and partakes of the attri- ence fiute of Goodncss. The primary ele- i^Attributegf **^**^* mcnts are due to the Attribute of Dark- ness ; from Foulness proceed both. (161) . The eleven senses, ifeing liglit and enlightening, are said to partsike of Goodness, and as snch proceed from modified Egoism. From Egoism as affected, on the…",0,0.001667,False,False,True,False,False,False,False,False,False,True,False,False,manual_section_review,,,,
samkhya_vachaspati_jha_1896_tattva_kaumudi,samkhya,An English Translation with the Sanskrit Text of the Tattva-Kaumudi,samkhya_vachaspati_jha_1896_tattva_kaumudi:section:140901c212bf189c941c5853,,,commentary,,1,176,"31 Insezitienceof 13 32 Differentiation of "" Perception ” from the other forms of proof •... 14 38 “ Inference ” as a distinct form of proof 14 34 Inference defined 15 35 The throe kinds of Inference 15 33 The first Division of Inference .! 16 37 The Negative — aiiosteriori — Inference 16 38 The Affirmative — a priori — Inference 16 89 “ Valid Testimony ’* based on Inference 17 40 Self-evidence o…",0,0.0,False,False,True,False,False,False,False,False,False,True,False,False,manual_section_review,,,,
samkhya_vachaspati_jha_1896_tattva_kaumudi,samkhya,An English Translation with the Sanskrit Text of the Tattva-Kaumudi,samkhya_vachaspati_jha_1896_tattva_kaumudi:section:16215d97426c9c57cdd619eb,,,commentary,,12,2374,"[ 70 ] the balance caused by two palas* is more than that caused by a single But we find no such difference between the effects of the weight of the cloth and those ot the weight of the threads constituting it. Hence cloth is non-different irom the threads. These arc the proofs afforded by a process of negative inference [Avf(d?titm4na — see, Kdrikd V] establish- ing the non-difference (of cloth""…",0,0.001583,False,False,True,False,False,False,False,False,False,True,False,False,manual_section_review,,,,
samkhya_vachaspati_jha_1896_tattva_kaumudi,samkhya,An English Translation with the Sanskrit Text of the Tattva-Kaumudi,samkhya_vachaspati_jha_1896_tattva_kaumudi:section:16e1ddb09c1e5f463b0e90af,,,commentary,,1,7,193 Existence of the Astral Body proved,0,0.0,False,False,True,False,False,False,False,False,False,True,False,False,manual_section_review,,,,
samkhya_vachaspati_jha_1896_tattva_kaumudi,samkhya,An English Translation with the Sanskrit Text of the Tattva-Kaumudi,samkhya_vachaspati_jha_1896_tattva_kaumudi:section:19282fbb119daf398a131895,,,commentary,,1,57,"53 Objection — Nature &c., being not**amcnablo to the senses, are no7i-existing 23 54,55 Different causes of non-perception of objects by the Senses 24—25 66 Non-per(^ption of an object, no proof of non-existence 26",0,0.0,False,False,True,False,False,False,False,False,False,True,False,False,manual_section_review,,,,
samkhya_vachaspati_jha_1896_tattva_kaumudi,samkhya,An English Translation with the Sanskrit Text of the Tattva-Kaumudi,samkhya_vachaspati_jha_1896_tattva_kaumudi:section:196183370ea502a1fe018b16,,,commentary,,37,7464,"From the finite nature of specific objects, fi-om Reply— wo must homogeneity, from evolution being Manifested Beality— to active (causal) energy, from the Beasona given. Separation of cause and effect, and from the undividedness (resolutiony of the whole uni- verse. First proof of the existence of Prakriti- ^^Sinae there is separa^ tion of cause wild ef- fect, wjul Te-9inion of the whole Universe…",0,0.000541,True,False,True,False,False,False,False,False,False,True,True,False,manual_section_review,,,,
samkhya_vachaspati_jha_1896_tattva_kaumudi,samkhya,An English Translation with the Sanskrit Text of the Tattva-Kaumudi,samkhya_vachaspati_jha_1896_tattva_kaumudi:section:1aca00b6164f24a5c34fd84d,,,commentary,,9,1920,"This creation from Buddhi down to the specific ele- ^ ments, is brought about by the modi- theliaiceMftileUni” fications of Prakriti. The ""work is ¥01*80 deoidod. done for* the emancipation of eaq]i * It may be worth notin"" here that Death in itself is not pain, it is only • the fear (the fear of the unknown) that makes the thought of death so painful* [ 252 ^ 254 ] 101 [k. ivi.3 Spirit, and thus…",0,0.002,False,False,True,False,False,False,False,False,False,True,False,False,manual_section_review,,,,
samkhya_vachaspati_jha_1896_tattva_kaumudi,samkhya,An English Translation with the Sanskrit Text of the Tattva-Kaumudi,samkhya_vachaspati_jha_1896_tattva_kaumudi:section:1ba4981050d32ed5e39b3c16,,,commentary,,1,21,'201 Absorption into Pralmtl from Bispassion ••• 202 Transmigration from Passionate attachment 203 Kon-impediment from Power,0,0.003,False,False,True,False,False,False,False,False,False,True,False,False,manual_section_review,,,,
samkhya_vachaspati_jha_1896_tattva_kaumudi,samkhya,An English Translation with the Sanskrit Text of the Tattva-Kaumudi,samkhya_vachaspati_jha_1896_tattva_kaumudi:section:1bb72419dbd818c9c6085b2d,,,commentary,,10,1768,( gq^mfqqrcqici^ SKTiJt «T«?q5. U q cT Sl«KK'q^9TIf -a ^iFRtir te ^ sqf^ sq^; an<wiiPiq»ift<^^ « q<<4Kl^^fi*«->iwfq ii 's^ h ^ I c!«IT =q *‘jjqRjf^Tcq^qsqq4q5qqqFq?q I qRFe4 n am ^qq q^q •• 11 ^ q^WrJ?gf^: ^ il ^r% li ^4 eiiteniTf 5 3Rpr»T^f?^^cq%^ I gi^ij^ qrn%- gwif^ I ff%: ik^ftfci ?^gsFn#f?T n 's^ n ?fmwcH^?iiT'Jif ffm: ?c!Ta ii ' ?WT^ s# ?i?<i: 1^ m m ^rft^rnr,0,0.008306,False,False,True,False,False,False,False,False,False,True,False,False,manual_section_review,,,,
samkhya_vachaspati_jha_1896_tattva_kaumudi,samkhya,An English Translation with the Sanskrit Text of the Tattva-Kaumudi,samkhya_vachaspati_jha_1896_tattva_kaumudi:section:1da641ca71d188a61c074caa,,,commentary,,1,66,135 Objection — Intelligence and Activity always coexistent 59 136 The feeling referred to by the objection must be a mistake ... 60 • KARIRA XXI. 137 Objection — what is the need of union ? 60 138 Force of the Genetivc in “ Pradhanasya ” Explained 60 139 The need of union explained 61 140 The creation of Buddhi &c 61,0,0.0,False,False,True,False,False,False,False,False,False,True,False,False,manual_section_review,,,,
samkhya_vachaspati_jha_1896_tattva_kaumudi,samkhya,An English Translation with the Sanskrit Text of the Tattva-Kaumudi,samkhya_vachaspati_jha_1896_tattva_kaumudi:section:1e79ed96097d39109d90ebe7,,,commentary,,1,44,207 The Sub-divisions of Error &c. introduced 208 Eight forms of Ignorance 209 Eight forms of Egoism 210 Ten forms of Attachment 211 Eighteen forms of Jealonsly 212 Eighteen forms of Abhinivesa 218 The total coming to sixty-two,0,0.0,False,False,True,False,False,False,False,False,False,True,False,False,manual_section_review,,,,
samkhya_vachaspati_jha_1896_tattva_kaumudi,samkhya,An English Translation with the Sanskrit Text of the Tattva-Kaumudi,samkhya_vachaspati_jha_1896_tattva_kaumudi:section:1ecfb15c453af7fff25fb085,,,commentary,,1,47,"171 172 173 174 176 176 177 178 Sub-divisions of the organa introduced ... The three external organs The ten external organs External organs operating at the present time, and the internal at all Times Time not a distinct principle..",0,0.0,False,False,True,False,False,False,False,False,False,True,False,False,manual_section_review,,,,
samkhya_vachaspati_jha_1896_tattva_kaumudi,samkhya,An English Translation with the Sanskrit Text of the Tattva-Kaumudi,samkhya_vachaspati_jha_1896_tattva_kaumudi:section:1ff84a28099d72ba6bc7c59a,,,commentary,,1,41,** Truth ” explained ••• 107 The purity of wisdom explained 107 Objection based on the eternal tendency to false knowledge ... 107 The form of discriminative knowledge 107 “ Completion” of the knowledge 108,0,0.003,False,False,True,False,False,False,False,False,False,True,False,False,manual_section_review,,,,
samkhya_vachaspati_jha_1896_tattva_kaumudi,samkhya,An English Translation with the Sanskrit Text of the Tattva-Kaumudi,samkhya_vachaspati_jha_1896_tattva_kaumudi:section:221a6981f655600b6c0c2147,,,commentary,,1,28,"Published for the BOMBAY ""TBEOSOPJIICAL PUBLiCATlON FUND’*, BY ■ TOOKAMM tatta, F.T.8. Price 2 J^peec.",0,0.0,False,False,True,False,False,False,False,False,False,True,False,False,manual_section_review,,,,
samkhya_vachaspati_jha_1896_tattva_kaumudi,samkhya,An English Translation with the Sanskrit Text of the Tattva-Kaumudi,samkhya_vachaspati_jha_1896_tattva_kaumudi:section:23754b4a4f5500a697128d65,,,commentary,,1,10,Cause of the cessation of Nature’s operation 108,0,0.0,False,False,True,False,False,False,False,False,False,True,False,False,manual_section_review,,,,
samkhya_vachaspati_jha_1896_tattva_kaumudi,samkhya,An English Translation with the Sanskrit Text of the Tattva-Kaumudi,samkhya_vachaspati_jha_1896_tattva_kaumudi:section:24dd495cdea45dd95bf60930,,,commentary,,6,1307,"■* “ She has been seen by me,” says the one and so No birth • after retires j “ I have been seen,” says the ““0""* wint^'S and. ceases to act. Hence though there is still their conjunction, it affords no motive towards further creation. 110 [k. lxvi.] [271—272] (271) . So long as nature has not manifested truth, she may bring about the enjoyment of the various objects of sense ; but she cannot do…",0,0.0,False,False,True,False,False,False,False,False,False,True,False,False,manual_section_review,,,,
samkhya_vachaspati_jha_1896_tattva_kaumudi,samkhya,An English Translation with the Sanskrit Text of the Tattva-Kaumudi,samkhya_vachaspati_jha_1896_tattva_kaumudi:section:2b0d6f7e1affa4bdb6f95673,,,commentary,,1,6,Final release of the Spirit 112,0,0.0,False,False,True,False,False,False,False,False,False,True,False,False,manual_section_review,,,,
samkhya_vachaspati_jha_1896_tattva_kaumudi,samkhya,An English Translation with the Sanskrit Text of the Tattva-Kaumudi,samkhya_vachaspati_jha_1896_tattva_kaumudi:section:2f8724f1b2099b08e8fc2edc,,,commentary,,1,14,No ^K^appcarancc of Nature with regard to an emancipated Spirit 104,0,0.0,False,False,True,False,False,False,False,False,False,True,False,False,manual_section_review,,,,
samkhya_vachaspati_jha_1896_tattva_kaumudi,samkhya,An English Translation with the Sanskrit Text of the Tattva-Kaumudi,samkhya_vachaspati_jha_1896_tattva_kaumudi:section:3059474c61bf1dcff77303b7,,,commentary,,3,521,"• t This supreme, purifying (doctrine) the sage imparted to Asuri, who taught it to Panchasikha, Bcienw ***”'**”* **** whom the science was extensively propagated. Handed down by tradition of pupils, it has been compendiously written in AryS, metre by the noble- minded Tsvarakrishna who has thoroughly investigated the truth. Purifying, purifying the Spirit from all sins, the canse of the triad of…",0,0.005333,False,False,True,False,False,False,False,False,False,True,False,False,manual_section_review,,,,
samkhya_vachaspati_jha_1896_tattva_kaumudi,samkhya,An English Translation with the Sanskrit Text of the Tattva-Kaumudi,samkhya_vachaspati_jha_1896_tattva_kaumudi:section:31518d2f258c44fe4a4be5ff,,,commentary,,1,138,"126 Question of the •mniber of the Spirit raised 55 127 (1) From allotment of brith, death and the orgaiiS 57 128 (2) Since Activity is not Simultaneous 57 121^ (3) Because the modifications of the Attributes are different ... 58 PAGB. KABIKA XIX. • 230 Introdaction to the consideration of Spirit’s Properties 5S 131 Explanation of tho force of in the Karika 58 133 Necessity of so many Properties…",0,0.006,False,False,True,False,False,False,False,False,False,True,False,False,manual_section_review,,,,
samkhya_vachaspati_jha_1896_tattva_kaumudi,samkhya,An English Translation with the Sanskrit Text of the Tattva-Kaumudi,samkhya_vachaspati_jha_1896_tattva_kaumudi:section:326f1cbfe94f9b4a58f15a55,,,commentary,,1,35,Objects of external organs introduced ••• ••• ••• Specific and gross objects of the functions of ifftcUectaal organs explained Do. do. orgsms of action ...,0,0.009,False,False,True,False,False,False,False,False,False,True,False,False,manual_section_review,,,,
samkhya_vachaspati_jha_1896_tattva_kaumudi,samkhya,An English Translation with the Sanskrit Text of the Tattva-Kaumudi,samkhya_vachaspati_jha_1896_tattva_kaumudi:section:384b2556775a55892546395b,,,commentary,,1,73,"f^»mM<*q<q T ssncoftsarT^^otsi ^d<^HlPr: H !(jf^Hw444Rl r? T r 5i?^r^*5Rrrsr ll «? K “f^” ^ I ^5,<nara««l ?q » ^?lTqf, 9TTqfq^?q sqq^“®ii4qfe:”",0,0.003,False,False,True,False,False,False,False,False,False,True,False,False,manual_section_review,,,,
samkhya_vachaspati_jha_1896_tattva_kaumudi,samkhya,An English Translation with the Sanskrit Text of the Tattva-Kaumudi,samkhya_vachaspati_jha_1896_tattva_kaumudi:section:45a5dffa0e501fe6105618cb,,,commentary,,1,10,“ Nature acts for no compensation ”...,0,0.0,False,False,True,False,False,False,False,False,False,True,False,False,manual_section_review,,,,
samkhya_vachaspati_jha_1896_tattva_kaumudi,samkhya,An English Translation with the Sanskrit Text of the Tattva-Kaumudi,samkhya_vachaspati_jha_1896_tattva_kaumudi:section:49962269815e88dd76627b78,,,commentary,,1,191,229 Forms of Power introdnoed 230 The eight forms of Power 281 (I) Xtor-Study 232 (2) Sntdra— Word ... ... 96 283 (d)^T4r4tftra— Beasoning ••• • IS 95 m (4) Bamyaka— Acquisition of Friends ... ss. 95 235 (5) Sftdamudita— Parity ... ... 95 236 Ine three consequent on the suppression of three kinds of pain 96 237 The first five forms otherwise explained ••• 96 238 Error &c. are hooks to the Powers…,0,0.021,False,False,True,False,False,False,False,False,False,True,False,False,manual_section_review,,,,
samkhya_vachaspati_jha_1896_tattva_kaumudi,samkhya,An English Translation with the Sanskrit Text of the Tattva-Kaumudi,samkhya_vachaspati_jha_1896_tattva_kaumudi:section:4ca396c6f65313fbc5b741f6,,,commentary,,6,1369,"The Manifested has the three constituent Attributes The point, ot (^““^s), it IS indescriminating, object- Bimiiftrity between iye, ffencric (or coinmon), non-intel- the Unmanifested ligent (or insentient) and productivaw rimiiaritj* of ^ these So also is Nature. The Spirit is the from the soul. j x i /• ^ v reverse, and yet also (in some respects) similar. * (89) . “ Having the three constituent…",0,0.002833,False,False,True,False,False,False,False,False,False,True,False,False,manual_section_review,,,,
samkhya_vachaspati_jha_1896_tattva_kaumudi,samkhya,An English Translation with the Sanskrit Text of the Tattva-Kaumudi,samkhya_vachaspati_jha_1896_tattva_kaumudi:section:523e01d5a69015a737e9e750,,,commentary,,52,10600,"Internal organs are three ; and the external ten. The organs niim- beretl and the diffor- cnee between the external and inter- nal in point of time noted. making objects known to the former three. The external organs,^ act at time present ; and the internal at the three divisions of time. (172) . The internal organa are three ; Manas, AhanMra and Budelhi, called internal because located inside th…",0,0.001385,True,False,True,False,False,False,False,False,False,True,True,False,manual_section_review,,,,
samkhya_vachaspati_jha_1896_tattva_kaumudi,samkhya,An English Translation with the Sanskrit Text of the Tattva-Kaumudi,samkhya_vachaspati_jha_1896_tattva_kaumudi:section:558c260ffed1d294df8a14d1,,,commentary,,23,4787,"?I2[^JI ^srg: 5T|xq5^?q il ?5I^ ‘^c5cTqr qftcrlfgoq g^oiF SSf»^clT ^ cWeT ( )jT#r2«ii?T- JT|f%STrcT^^%?r f>R^ S|5r?l^ *rT^:“5^ff 5iIT^\qr cfflr T^zfTJT^gtKg- ^q^risr Ctq: ” ^l% | <^sf^R; JT- ^5r ^^^, cTt? II ^g qj?r?:f^ri?5irR5r g^ir: §=^^nT§^qcT^ sq’e^ (\o^) ^^qreqff^qrqjf cTT »- arqroi^ ^3»iTqriT?fq- ^9 TcT 9if?-“qifrqq^T5^ qf%;” ^ { 5ini: q?fr%cqq. li q»4T qf%^® Sq^I^Tfqsft, 3l«T",0,0.004304,True,False,True,False,False,False,False,False,False,True,True,False,manual_section_review,,,,
samkhya_vachaspati_jha_1896_tattva_kaumudi,samkhya,An English Translation with the Sanskrit Text of the Tattva-Kaumudi,samkhya_vachaspati_jha_1896_tattva_kaumudi:section:5750d86ac5cd912077a8e554,,,commentary,,1,30,116 Operation through the Attributes 51 117 By a blinding of the Attributes 61 tll8 Objection : How can an attribute of uniform nature produce diverse effects f Reply 51,0,0.0,False,False,True,False,False,False,False,False,False,True,False,False,manual_section_review,,,,
samkhya_vachaspati_jha_1896_tattva_kaumudi,samkhya,An English Translation with the Sanskrit Text of the Tattva-Kaumudi,samkhya_vachaspati_jha_1896_tattva_kaumudi:section:5cda33d362f0702dc2e171ef,,,commentary,,1,93,161 Prsdnetion of Senses ... 65 152 Objection : Purposelessness of JPassions and Reply thereto ••• 66 • KABIKA XXVI. 153 Seme defined ... ... ... 66 B X KAKIKA XX VU. 154 Doable nature of mind 155 Mind defined ... 156 Objection : Why. make mind a sense and Beply thereto 157 Whence the mnltifarions effects from Egoism ? ... ^ ... 158 Destiny also a modification of the Attributes .««,0,0.003,False,False,True,False,False,False,False,False,False,True,False,False,manual_section_review,,,,
samkhya_vachaspati_jha_1896_tattva_kaumudi,samkhya,An English Translation with the Sanskrit Text of the Tattva-Kaumudi,samkhya_vachaspati_jha_1896_tattva_kaumudi:section:609ad8113028a509f6ac95ef,,,commentary,,1,1,OF,0,0.0,False,False,True,False,False,False,False,False,False,True,False,False,manual_section_review,,,,
samkhya_vachaspati_jha_1896_tattva_kaumudi,samkhya,An English Translation with the Sanskrit Text of the Tattva-Kaumudi,samkhya_vachaspati_jha_1896_tattva_kaumudi:section:639485bc2f51b44f6ae647bb,,,commentary,,1,256,"3 i^»Tci*ft? 5 r cicsr^,< ?m: f^^qei aiif — RSFarsrnRirerrw^ *f m^ II II I I cTT^fmgqss^qf^ I ^^qq- ( ) arwiT^r- ^RTOxq^qfrf^^w^re^?I^%^^4^^q^I®- rrwsT^tqf^: « ^xqg^F'qeirgr^rrcqiTftfr^gcq- «icr |qfl:qq?ijr*=qr^i^fs:qqq^ er^rcqir^3q3iqqrcT,-cT^'^qq«^- «iT^ cimigicqiTt jqqqfq | ^ ^TFrq^“ ^ II f^^'Jicqc! 3Fr5-“3Tf^qrq I «wqqq^ f| (^^^)q?q|rr=TW ?T^?qq^^^qf^^gTFrq:- affq'rfq- “ sif^q^qr^J’ | f^qcTqf…",0,0.009,False,False,True,False,False,False,False,False,False,True,False,False,manual_section_review,,,,
samkhya_vachaspati_jha_1896_tattva_kaumudi,samkhya,An English Translation with the Sanskrit Text of the Tattva-Kaumudi,samkhya_vachaspati_jha_1896_tattva_kaumudi:section:63ba2521dba32231502989cd,,,commentary,,10,1958,"wit (iwiTHaOTti am m aftwmmu OTWirg^^iTOs Hg^: II • ” |f^=f^q4^iET- ^wij wqqif^q^qqraqr aqr sfq ci^Rqm^iqi cmf^qq- ^i^Rqq^qf^qcqr ssl^q?qT sf^ ^qqr ci^qw^ r^ f^qi mrq;, q^ii^in 3?f^ — ST 31^1 s^fJTq^ sfq ftrcTcq^Tcra: ” || fTSf^qgxjTq^'' srmq, sn?^” \ ‘sttit^’ i??t- (^^v.) eTf^?T=T- ^ I%^W5TfTOf^ I W|: ‘ f^remFqq=qsrr: ’ ^ri [fto=ci^i3<t.] | qrfsirOrff^: ii ^n% qr?rr5^ eq sqrqRr sricqR qi%q?[rf% I",0,0.0057,False,False,True,False,False,False,False,False,False,True,False,False,manual_section_review,,,,
samkhya_vachaspati_jha_1896_tattva_kaumudi,samkhya,An English Translation with the Sanskrit Text of the Tattva-Kaumudi,samkhya_vachaspati_jha_1896_tattva_kaumudi:section:656b6378484c9f5973409f33,,,commentary,,1,33,"198 Consequences of tae various means introduced 199 Virtue leads to higher planes and vice to lower 200 From the reverse, the reverse — the threefold bondage ... FACE.",0,0.0,False,False,True,False,False,False,False,False,False,True,False,False,manual_section_review,,,,
samkhya_vachaspati_jha_1896_tattva_kaumudi,samkhya,An English Translation with the Sanskrit Text of the Tattva-Kaumudi,samkhya_vachaspati_jha_1896_tattva_kaumudi:section:69f44e124d42eb2945144724,,,commentary,,1,9,S-a.nsk:kit text.,0,0.0,False,False,True,False,False,False,False,False,False,True,False,False,manual_section_review,,,,
samkhya_vachaspati_jha_1896_tattva_kaumudi,samkhya,An English Translation with the Sanskrit Text of the Tattva-Kaumudi,samkhya_vachaspati_jha_1896_tattva_kaumudi:section:6cc6444353243b0a83e89ea7,,,commentary,,1,25,67 67 68 68 68 69 70 70 71 71 71 71 72 72 73 73 73 74 74 74 74 75 75 75 75,0,0.045,False,False,True,True,False,False,False,False,False,True,False,False,source_specific_preprocessing,,,,
samkhya_vachaspati_jha_1896_tattva_kaumudi,samkhya,An English Translation with the Sanskrit Text of the Tattva-Kaumudi,samkhya_vachaspati_jha_1896_tattva_kaumudi:section:6f6332c95fdcc85ee2d1b5d1,,,commentary,,1,19,<168 Division of the organs introduced 169 The thirteen organs and their fuuctions 170 Objects of these functions,0,0.0,False,False,True,False,False,False,False,False,False,True,False,False,manual_section_review,,,,
samkhya_vachaspati_jha_1896_tattva_kaumudi,samkhya,An English Translation with the Sanskrit Text of the Tattva-Kaumudi,samkhya_vachaspati_jha_1896_tattva_kaumudi:section:70c637f55421d955d3474efa,,,commentary,,8,1644,"Verily no Spirit is bound, or is emancipated, or - , migrates ; it is Nature alone which * lease in reality ap- has many rcccptacles, that is bound, ply to Nature. . , , . ’ . or IS released, or migrates. * (262). No Spirit is bound ; not any migrates ; nor is any emancipated. Nature alone, having many rcccptacles (bodily [ 263 ] 106 [k. LXin— lxiv.] forms of being), is bonnd, migrates and is rel…",0,0.00075,False,False,True,False,False,False,False,False,False,True,False,False,manual_section_review,,,,
samkhya_vachaspati_jha_1896_tattva_kaumudi,samkhya,An English Translation with the Sanskrit Text of the Tattva-Kaumudi,samkhya_vachaspati_jha_1896_tattva_kaumudi:section:71c67883bef6adfa45ac2fd6,,,commentary,,1,29,"Objection: emancipation and bondage not possible to unmodl- f jing Spirit 105 Reply: “No Spirit is bound, nor migrates &c.” 105",0,0.002,False,False,True,False,False,False,False,False,False,True,False,False,manual_section_review,,,,
samkhya_vachaspati_jha_1896_tattva_kaumudi,samkhya,An English Translation with the Sanskrit Text of the Tattva-Kaumudi,samkhya_vachaspati_jha_1896_tattva_kaumudi:section:7257164ede7e01034704fe3e,,,commentary,,77,15894,"Thb ^cid writing of y&chaspati Misra does not stand in need of much in the shape of an lutrodnction. Bat nnder the cover of this title, I propose to* give a brief STUopsis of the cardinal doctrines of the S&nkhya Philosophy, in the hope that a reading of this remma would prepare the mind of the stndent for the reception of the abstruse truths, in which the Tattvakaumndi abounds. Any corrections o…",0,0.000688,True,False,True,False,False,False,False,False,False,True,True,False,manual_section_review,,,,
samkhya_vachaspati_jha_1896_tattva_kaumudi,samkhya,An English Translation with the Sanskrit Text of the Tattva-Kaumudi,samkhya_vachaspati_jha_1896_tattva_kaumudi:section:756ad95c37156cd5abf29970,,,commentary,,15,2845,"JWiTftlflT ?w»rew '‘a?ff^^’’5nr5( 3a[®r?hira^9ft?tT ^ i I 9W|T2q% f%5^- jTofi: ftto5i5t<T^*i<»®iT*Tre(^ m^sw mcq^Srwjn: sn^rr «fr*T5?JT'mnf^ms?nf^ \ aTT9'tl'?RT jftf^5FT^i4^?ra- #r?re?wr'^ i?ig‘'«<»«sT^^?if??r:«ftf^f- ffir ?Trnsii«ieT%^i^WFWnwf^f^3rafrq.i jrt: 3^^«Tf^T?(Wr towjgfKs^irirTsit «r|^: fftrofter i a:^5T ^ ^ f^Rqn^, *iif$|siTft ‘ * %j(^",0,0.008618,True,False,True,False,False,False,False,False,False,True,True,False,manual_section_review,,,,
samkhya_vachaspati_jha_1896_tattva_kaumudi,samkhya,An English Translation with the Sanskrit Text of the Tattva-Kaumudi,samkhya_vachaspati_jha_1896_tattva_kaumudi:section:78faffde05df28c5314c0367,,,commentary,,1,22,"160 Reflection of Manas, Sclf-consciousness of Ahankara and Determination of Buddbi 161 The five vital Airs common to all",0,0.0,False,False,True,False,False,False,False,False,False,True,False,False,manual_section_review,,,,
samkhya_vachaspati_jha_1896_tattva_kaumudi,samkhya,An English Translation with the Sanskrit Text of the Tattva-Kaumudi,samkhya_vachaspati_jha_1896_tattva_kaumudi:section:7a4c79028a17a207345c1d0a,,,commentary,,1,1,104,0,0.045,False,False,True,True,False,False,False,False,False,True,False,False,source_specific_preprocessing,,,,
samkhya_vachaspati_jha_1896_tattva_kaumudi,samkhya,An English Translation with the Sanskrit Text of the Tattva-Kaumudi,samkhya_vachaspati_jha_1896_tattva_kaumudi:section:7be422330d28a0793cd97d47,,,commentary,,1,50,"• 97 Introduction to the consideration of the Attributes 39 98 Construction of the Karika .! 40 99 Character of the Attributes as love, aversion and stupefaction ... 40 100 The functions of the Attributes 40 101 The method of operation of the attributes 42 Vlll",0,0.0,False,False,True,False,False,False,False,False,False,True,False,False,manual_section_review,,,,
samkhya_vachaspati_jha_1896_tattva_kaumudi,samkhya,An English Translation with the Sanskrit Text of the Tattva-Kaumudi,samkhya_vachaspati_jha_1896_tattva_kaumudi:section:7ff80847ec9d07a0c676a391,,,commentary,,1,13,259 200 261 264 266 266 267 268 270 271 272 278 274,0,0.045,False,False,True,True,False,False,False,False,False,True,False,False,source_specific_preprocessing,,,,
samkhya_vachaspati_jha_1896_tattva_kaumudi,samkhya,An English Translation with the Sanskrit Text of the Tattva-Kaumudi,samkhya_vachaspati_jha_1896_tattva_kaumudi:section:82046e9a81915a9ceb9917c4,,,commentary,,15,3072,"among writers, the “ love, &c.,*’ of this Karik& are to be taken in the same order (as “ Goodness, &c.,” in the next). (99). Thus then, “ jjnte"" (love) being (a form of) pleasure, the attribute of Goodness is of the nature of pleasure ; “ Apriti” (aversion) being (a form of) pain, the attribute of Foulness (Hajas) is of the nature of pain ; and, lastly, *• Viahdda"" being (a form of) stupefaction,…",0,0.000267,True,False,True,False,False,False,False,False,False,True,True,False,manual_section_review,,,,
samkhya_vachaspati_jha_1896_tattva_kaumudi,samkhya,An English Translation with the Sanskrit Text of the Tattva-Kaumudi,samkhya_vachaspati_jha_1896_tattva_kaumudi:section:82868c5dc787077725d680be,,,commentary,,1,37,"Objcctior “though one set of objects has been enjoyed, others remain to be enjoyed” 109 Reply: “ The Sjiirit having attained to wisdom, there is no motive to further action ” 110",0,0.0,False,False,True,False,False,False,False,False,False,True,False,False,manual_section_review,,,,
samkhya_vachaspati_jha_1896_tattva_kaumudi,samkhya,An English Translation with the Sanskrit Text of the Tattva-Kaumudi,samkhya_vachaspati_jha_1896_tattva_kaumudi:section:83d52c30ede29360f614e2b5,,,commentary,,1,59,Nine forms of Contentment Four forms of internal Contentment (1) Ambha (2) Salila... (3) Ogha (4) Vrishti Five forms of external Contentment (1) P&ra (2) Supfi^ra (3) Pftrapftra (4) Annttamdmbha (6) Uttam&mbha,0,0.0,False,False,True,False,False,False,False,False,False,True,False,False,manual_section_review,,,,
samkhya_vachaspati_jha_1896_tattva_kaumudi,samkhya,An English Translation with the Sanskrit Text of the Tattva-Kaumudi,samkhya_vachaspati_jha_1896_tattva_kaumudi:section:85b2548db78f7a2ee51e8990,,,commentary,,6,1273,"Knowledge of supersensuous objects is pbtained through Inference — the Sdmanya- > cation Ae*dMer- todrishta. What is not proved by this ^ IS proved by revelation. 23 [k. ti.] [51-— 53] (61). The particle 5 distinguishes the SAmanyatodrishta •from Perception and Inference a priori. Through the SAmAnyatodrishta Inference there arises knowledge of Pradhdna* (Primordial Matter or Nature), and the Spi…",0,0.0005,False,False,True,False,False,False,False,False,False,True,False,False,manual_section_review,,,,
samkhya_vachaspati_jha_1896_tattva_kaumudi,samkhya,An English Translation with the Sanskrit Text of the Tattva-Kaumudi,samkhya_vachaspati_jha_1896_tattva_kaumudi:section:86cd05ebb9ef23d3f463afe2,,,commentary,,1,12,“ Nature binds herself by seven forms &c.” 106,0,0.0,False,False,True,False,False,False,False,False,False,True,False,False,manual_section_review,,,,
samkhya_vachaspati_jha_1896_tattva_kaumudi,samkhya,An English Translation with the Sanskrit Text of the Tattva-Kaumudi,samkhya_vachaspati_jha_1896_tattva_kaumudi:section:8ac56d4eafa31043a659feea,,,commentary,,3,555,"The function of the five senses, in respect to colour, * &c., is mere observation or feeling ; The function* of speech, handling, walking, excretion the exteiJiai organs.^ gratification are (the' functions of) the other five. By ^'■observation"" here is meant the primary al)- stract perception ( Nirvikalpa ) through function of the dve the intellectnal senses. opeeck intellectual senses. ^ of (|ie…",0,0.0,False,False,True,False,False,False,False,False,False,True,False,False,manual_section_review,,,,
samkhya_vachaspati_jha_1896_tattva_kaumudi,samkhya,An English Translation with the Sanskrit Text of the Tattva-Kaumudi,samkhya_vachaspati_jha_1896_tattva_kaumudi:section:8e78d24da607218b882dbe64,,,commentary,,1,17,187 Three sorts of Specific Objects 188 Subtile bodies are permanent ... •••,0,0.003,False,False,True,False,False,False,False,False,False,True,False,False,manual_section_review,,,,
samkhya_vachaspati_jha_1896_tattva_kaumudi,samkhya,An English Translation with the Sanskrit Text of the Tattva-Kaumudi,samkhya_vachaspati_jha_1896_tattva_kaumudi:section:8f9a366cf59c90f599f6076c,,,commentary,,1,87,119 Introduction to i;he Proofs of Spirit’s Existence 120 Proofs (1) — Because all composite objects are for other’s purpose. 121 Objection : and reply 122 (2) Because there must be supervision 123 (8) Because there must be one to feci ... 124 A different interpretation of proof (3) 125 (4) Because of the tendency of writers and sages towards Beatitude 62 52 53 54 55 55 55,0,0.0,False,False,True,False,False,False,False,False,False,True,False,False,manual_section_review,,,,
samkhya_vachaspati_jha_1896_tattva_kaumudi,samkhya,An English Translation with the Sanskrit Text of the Tattva-Kaumudi,samkhya_vachaspati_jha_1896_tattva_kaumudi:section:90f7e04f7962dec6c60f7e22,,,commentary,,4,780,"... \< s^'>rrR3»nTOT^rfHir C*^)*** ... ... ^ fkx x <i\o ...‘ ... •iA** ^RTftw?«iw*P«ra^- ••• ••• ••• 5^^eTf|Rf55|?^^ Vo >, ... Vo „ *TI«R«?T*[ ... Vo »mqf^5i«CT ... v«» '^^«i 3fK5f?in5tT qftfrr. vi ’wftw Rt nX'» S5^n«n*iqt: «sr vn ’\\^ iWH^qpqr^ ... vn nx'^ %q^T^?L q^qr- v\ nvn ^p^qw! ... ... ... nv^ ?pin^wit nqwN ^-",0,0.013,False,False,True,False,False,False,False,False,False,True,False,False,manual_section_review,,,,
samkhya_vachaspati_jha_1896_tattva_kaumudi,samkhya,An English Translation with the Sanskrit Text of the Tattva-Kaumudi,samkhya_vachaspati_jha_1896_tattva_kaumudi:section:91e795ac3df92fd0941ff8cd,,,commentary,,1,43,108 Question of the Indiscreetness and other properties of the Attri- butes ••• ••• ••• ••• 109 Proof of the existence of such properties 110 Question of the Existence of Nature 45 45 45,0,0.014,False,False,True,False,False,False,False,False,False,True,False,False,manual_section_review,,,,
samkhya_vachaspati_jha_1896_tattva_kaumudi,samkhya,An English Translation with the Sanskrit Text of the Tattva-Kaumudi,samkhya_vachaspati_jha_1896_tattva_kaumudi:section:96ad4add90f371fc0f64c3db,,,commentary,,1,12,"■■ , ■■■ .’'‘A""",0,0.039667,False,False,True,True,False,False,False,False,False,True,False,False,source_specific_preprocessing,,,,
samkhya_vachaspati_jha_1896_tattva_kaumudi,samkhya,An English Translation with the Sanskrit Text of the Tattva-Kaumudi,samkhya_vachaspati_jha_1896_tattva_kaumudi:section:97813bc3ee8d935eaea86c96,,,commentary,,1,27,"214 The twenty-eight forms of Disability 215 Eleven forms of disability, those of the sense organs 216 The seventeen forms of disability of Buddhi",0,0.0,False,False,True,False,False,False,False,False,False,True,False,False,manual_section_review,,,,
samkhya_vachaspati_jha_1896_tattva_kaumudi,samkhya,An English Translation with the Sanskrit Text of the Tattva-Kaumudi,samkhya_vachaspati_jha_1896_tattva_kaumudi:section:9807820004675f0b9746609a,,,commentary,,1,32,165 Objection : Functions permanent or otherwise ? 166 No collision of the functions of the organs 167 Objection : How can insentient organs comprehend each others motives ?— Reply thereto,0,0.0,False,False,True,False,False,False,False,False,False,True,False,False,manual_section_review,,,,
samkhya_vachaspati_jha_1896_tattva_kaumudi,samkhya,An English Translation with the Sanskrit Text of the Tattva-Kaumudi,samkhya_vachaspati_jha_1896_tattva_kaumudi:section:9ba67150228da053e95d446b,,,commentary,,1,50,143 Introduction to the dehnition of Buddhi 63 144 Definition of Buddhi explained * ... ••• ^ 145 Properties of Buddhi — Virtue 63 146 Pour kinds of Dispasaion 63 147 Bight kinds of Power ... 64 148 Reyerse of the above qualities 64,0,0.003,False,False,True,False,False,False,False,False,False,True,False,False,manual_section_review,,,,
samkhya_vachaspati_jha_1896_tattva_kaumudi,samkhya,An English Translation with the Sanskrit Text of the Tattva-Kaumudi,samkhya_vachaspati_jha_1896_tattva_kaumudi:section:9c69a8074fc44823526a7a1d,,,commentary,,1,42,163 Function of the organs — (t) Instantaneous ... .'l. 163 (2) Gradual • 164 With regard to visible objects function of the internal or'* gons independent of the external ones,0,0.0,False,False,True,False,False,False,False,False,False,True,False,False,manual_section_review,,,,
samkhya_vachaspati_jha_1896_tattva_kaumudi,samkhya,An English Translation with the Sanskrit Text of the Tattva-Kaumudi,samkhya_vachaspati_jha_1896_tattva_kaumudi:section:ac6d44c01924b76315a760c3,,,commentary,,5,1090,"sqrKfTlJISii^ sf^5n%, ( ,, _CV- I n , . r Ti i JL 11 . IT I Jihmaii SRi^5r: u ^ J ^ r^h^: II ^ 3^5^5Sf- ^ dlqOcii 5^.” II J|viR^lp?p|iif^ 5^5^, ( 5 ^- sjrargp^^, cTt^«ig^^ ‘ fifl:q- CltT: ^rl ? 3lc! 3?T5-“ ??«TT ‘q I S?q4: I q^ra^JTtqn'^ ^qCrcqfl^cq?^: n ^ n it cwr ( ) sq^RTSETfR- qt: pqT^^q^q. u ( %S ) qrq*=^ “q 11 (^'•) jiiA^qor. 5T^ jnrr:, f% q tT^q^^ftreq?! 3TTf~",0,0.0062,False,False,True,False,False,False,False,False,False,True,False,False,manual_section_review,,,,
samkhya_vachaspati_jha_1896_tattva_kaumudi,samkhya,An English Translation with the Sanskrit Text of the Tattva-Kaumudi,samkhya_vachaspati_jha_1896_tattva_kaumudi:section:aeae04670ebe3900d78b2c91,,,commentary,,4,622,"threads. Similarly we mnst admit that pleasure, &c., being - properties of Conscionsness (Mahat), &c., most be the onotome of similar properties subsisting in their cause. [And this is no other than Nature.] And thus we have proved tne existence of Nature, as possessed of the properties of pleasure, pain, and delusion.* , (111). “1 grant all this”, says the enquirer ; “but the followers of KanMa…",0,0.0,False,False,True,False,False,False,False,False,False,True,False,False,manual_section_review,,,,
samkhya_vachaspati_jha_1896_tattva_kaumudi,samkhya,An English Translation with the Sanskrit Text of the Tattva-Kaumudi,samkhya_vachaspati_jha_1896_tattva_kaumudi:section:b6ccc065d13d22d5f2c0b365,,,commentary,,1,19,"196 Incidental and Essential Dispositions 197 ' Flesh, blood &c., related to the gross body",0,0.0,False,False,True,False,False,False,False,False,False,True,False,False,manual_section_review,,,,
samkhya_vachaspati_jha_1896_tattva_kaumudi,samkhya,An English Translation with the Sanskrit Text of the Tattva-Kaumudi,samkhya_vachaspati_jha_1896_tattva_kaumudi:section:b6f798907c67f5c2793cf589,,,commentary,,1,52,182 Farther grounds for the Superiority of Buddhi ... 183 Objection: absence of Mukti — Reply thei-cto • KARIKA XXXYIII. 184 The Subtile character of the Tanmatras 185 The gross Elements produced out of the Tanmatras 186 These are«Specific because soothing terrific and deluding,0,0.0,False,False,True,False,False,False,False,False,False,True,False,False,manual_section_review,,,,
samkhya_vachaspati_jha_1896_tattva_kaumudi,samkhya,An English Translation with the Sanskrit Text of the Tattva-Kaumudi,samkhya_vachaspati_jha_1896_tattva_kaumudi:section:b8ddff60bcf15cedfa246f7b,,,commentary,,5,888,"{ 154 — 155 ^] •Indrhjas (senses) because they are characteristics of the Spirit ilhdrob). The senses are named : “ The eye, FuMtiona. * perceiving colour, the ear for perceiving sound, the nose for perceiving smell, the tongue for perceiving taste, and the skin for experiencing touch. These are tlie intellectual sensc-orgstus. The action of the organs of speech and the rest will be spoken of lat…",0,0.0012,False,False,True,False,False,False,False,False,False,True,False,False,manual_section_review,,,,
samkhya_vachaspati_jha_1896_tattva_kaumudi,samkhya,An English Translation with the Sanskrit Text of the Tattva-Kaumudi,samkhya_vachaspati_jha_1896_tattva_kaumudi:section:b9311fce8fa85bacf6df04a0,,,commentary,,17,3260,"^^qglq^rqj^5t^q^q?«?iq5i?L I #rr «TTcmfTL« cTf3:5WT?riiqr=q^^ strirfiTfr: | gr ' ftjf^iwr<cni9^>f ii “wfciSiTf^:” 1 5^11^ ^5R«iCr%?iq«rq q qqrqp- (^\*) sfcuTi^- %«qeq5T=qif^i*Rg5^qi^^ I p^ w ^3*?f-5F5Ri»: u ?iqr5[q5rqT rt%; pcsnf^: m T%f^^94f II ^ g^rq ” *q [f^FcI^9<t ' \ ‘‘*r5isT*(. •iw^ms^e'ww, fw ftnl^ jishhic <iia*«ft^ I [ m. cr. K< ] i?wrg[Tar^JT«72[53cq%: I",0,0.005941,True,False,True,False,False,False,False,False,False,True,True,False,manual_section_review,,,,
samkhya_vachaspati_jha_1896_tattva_kaumudi,samkhya,An English Translation with the Sanskrit Text of the Tattva-Kaumudi,samkhya_vachaspati_jha_1896_tattva_kaumudi:section:b972086290c71766026eba19,,,commentary,,1,6,206 The Fifty forms of Error,0,0.0,False,False,True,False,False,False,False,False,False,True,False,False,manual_section_review,,,,
samkhya_vachaspati_jha_1896_tattva_kaumudi,samkhya,An English Translation with the Sanskrit Text of the Tattva-Kaumudi,samkhya_vachaspati_jha_1896_tattva_kaumudi:section:bab5bdc3acd4054bfcb8413f,,,commentary,,1,43,"Objection: The body dissolving on the attainment of wisdom, how could the bodiless Spirit behold Nature ? 110 Body continues in obedience to the momentum imparted by previ- ous Karma ... ••• ••• 111",0,0.006,False,False,True,False,False,False,False,False,False,True,False,False,manual_section_review,,,,
samkhya_vachaspati_jha_1896_tattva_kaumudi,samkhya,An English Translation with the Sanskrit Text of the Tattva-Kaumudi,samkhya_vachaspati_jha_1896_tattva_kaumudi:section:bddc4f7eae323908ba0a9627,,,commentary,,1,4,"f NGLISH TRANSLATION,",0,0.0,False,False,True,False,False,False,False,False,False,True,False,False,manual_section_review,,,,
samkhya_vachaspati_jha_1896_tattva_kaumudi,samkhya,An English Translation with the Sanskrit Text of the Tattva-Kaumudi,samkhya_vachaspati_jha_1896_tattva_kaumudi:section:bf3b1f87e4412110515125da,,,commentary,,1,61,"278 The Treatise is a whole, not a part PAOB. 113 .113 113 ERRATA. P. 26 Line ** unction ” (in rhetoric) read “taste* » « ji » >j ff »> Fi 66 to the left of line IS-^read “ (126),*’",0,0.0,False,False,True,False,False,False,False,False,False,True,False,False,manual_section_review,,,,
samkhya_vachaspati_jha_1896_tattva_kaumudi,samkhya,An English Translation with the Sanskrit Text of the Tattva-Kaumudi,samkhya_vachaspati_jha_1896_tattva_kaumudi:section:c2415983cff80c39276c8668,,,commentary,,1,25,275 The precedence of Kapila ••• ... 112 XV KABIKA LXX. 276 Impo«*tance of the Sankhya doctrine,0,0.003,False,False,True,False,False,False,False,False,False,True,False,False,manual_section_review,,,,
samkhya_vachaspati_jha_1896_tattva_kaumudi,samkhya,An English Translation with the Sanskrit Text of the Tattva-Kaumudi,samkhya_vachaspati_jha_1896_tattva_kaumudi:section:cbd83a057b69a637056c63e6,,,commentary,,1,47,"BY GANGInATHA Jill, M.A.;F.T.S. aOVBKUMKNT SCTIOLAR N. W. T. (16B8-00); MEDALLIST OP THE UJSllVKRSTTy OP ALLAHABAD; JIITBA MEDALLIST AND VIZIANAORAM SCHOLAR (QUEEN’s COLLEGE,",0,0.0,False,False,True,False,False,False,False,False,False,True,False,False,manual_section_review,,,,
samkhya_vachaspati_jha_1896_tattva_kaumudi,samkhya,An English Translation with the Sanskrit Text of the Tattva-Kaumudi,samkhya_vachaspati_jha_1896_tattva_kaumudi:section:cc8a3213edb86fc04a5fc572,,,commentary,,7,1396,"With regard to visible objects, the functions of the The instantaneous and the ^nulual chiu’actcr of these functions, foTir are said to be instaiitaueous, ai4 * • •well as gradual ; ""with regard to iti- visible objects, tbc functions of the three [102-^165] 71 [k. XXX.] (intenial organs) are preceded by that (/. e. the cognition of some visible object.) (162) . “ Instantamous” — regard to visible…",0,0.001714,False,False,True,False,False,False,False,False,False,True,False,False,manual_section_review,,,,
samkhya_vachaspati_jha_1896_tattva_kaumudi,samkhya,An English Translation with the Sanskrit Text of the Tattva-Kaumudi,samkhya_vachaspati_jha_1896_tattva_kaumudi:section:d1a506ac4fd112c891385316,,,commentary,,1,21,141 The Process of Creation 61 142 Process of the production of the Elements ... ... 63,0,0.0,False,False,True,False,False,False,False,False,False,True,False,False,manual_section_review,,,,
samkhya_vachaspati_jha_1896_tattva_kaumudi,samkhya,An English Translation with the Sanskrit Text of the Tattva-Kaumudi,samkhya_vachaspati_jha_1896_tattva_kaumudi:section:d90731e167d58b9ba4a7331c,,,commentary,,13,2928,"The non-apjmohensiou of this (Nature) is due to its ,Jhe non-appre* bension of Nature, due to subtlety and not tonon-eiistence jtsezistence verified by its effects. subtlety, not to its non-existence ; since it is appreli ended through its clfects. Tliese effects are the Great ■% Principle, and the rest — effects (some ^ of) which are similar, and (some) dissimilar to Nature. [•07—59] 26 [k. vm.]…",0,0.000154,False,False,True,False,False,False,False,False,False,True,False,False,manual_section_review,,,,
samkhya_vachaspati_jha_1896_tattva_kaumudi,samkhya,An English Translation with the Sanskrit Text of the Tattva-Kaumudi,samkhya_vachaspati_jha_1896_tattva_kaumudi:section:da2dcdc318480c614a4b7c73,,,commentary,,2,388,"67 Objection-existence of Nature can be denietl like that of sky- flowers-started, and set aside : there are effects bearing testimony to the existence of Nature 26 58 Such effects mentioned ... 26 KIUIKA IX. 69 Different views with regard to the nature of an effect ... 26 60 Impossibility of the existence of Nature being proved in acconl- ance with the Vedanta and Bauddha tenets 27 61 Effect dec…",0,0.002,False,False,True,False,False,False,False,False,False,True,False,False,manual_section_review,,,,
samkhya_vachaspati_jha_1896_tattva_kaumudi,samkhya,An English Translation with the Sanskrit Text of the Tattva-Kaumudi,samkhya_vachaspati_jha_1896_tattva_kaumudi:section:dbc449d8522dfbae57cc48cf,,,commentary,,1,78,« 109 Introduction to Karlka XIII lOS Properties of ** Oooflness 104 Necessity of the properties of “ Foulness ••• ... 105 Necessity of the properties of “ Darkness •f» ••• **** *** 105 Objeetion based on the impossibility of the co-operation of Attri- butes of contradictory properties 107 Necessity of postulating the three Attributes 49 43 43 43 43 44,0,0.016,False,False,True,False,False,False,False,False,False,True,False,False,manual_section_review,,,,
samkhya_vachaspati_jha_1896_tattva_kaumudi,samkhya,An English Translation with the Sanskrit Text of the Tattva-Kaumudi,samkhya_vachaspati_jha_1896_tattva_kaumudi:section:dc08a4e2ae9ae07d5c9ec009,,,commentary,,50,9641,*‘3^q?q ” I qqrq?^r% qjqf^ q^ | snqrq^q €^ffR- ( ) «qrq?q 3qqr^r-*rrq?fq^ li cfflrcrr | era?? iit^q qqiq qlTfir- Wxftoi q qtKr s?q qrqqqanT ii ^ S^jERqrq^ qj^qict-*' %q^qTqqj’ ii% ! ?iqi ' (n^) %q?qiq sqqd HqTHT'i^r ii fqfwqqrq: qiq^sirqqq I a^- ^isTTOif^f^q^qq^ I a “a srqrqqqft- 6 \ JKrR^i?«ii- 'Krai: WS7 <?lra4= i [W. cT. 5if^ n'sfRq^r^^ 1 3TJTT^ra ^tm giT: e^sqci |r% g^rni^ii. 5f5 f<T l^cf 311…,0,0.00552,True,False,True,False,False,False,False,False,False,True,True,False,manual_section_review,,,,
samkhya_vachaspati_jha_1896_tattva_kaumudi,samkhya,An English Translation with the Sanskrit Text of the Tattva-Kaumudi,samkhya_vachaspati_jha_1896_tattva_kaumudi:section:e2db84f13ffba4ac4c408bdf,,,commentary,,3,508,"page:. Abhiniv<56a (Tenacity of Life) [212] 90 Ahank&ra ( Sclf-Gonsciousncss ) [149] 05 AsmitS (Egoism) [209] 90 Astral Body [189] ... ... 81 Attachment (Bdga) [210] ilO Avidyfi, (Ignoi-ance) [208] ... 89 Aviseshf ( Non-specific, gi*oss ) [184] 79 Avyakta (Unmanifested) or Pra- kriti — Proofs of, [110] ... ... 40 Bondage — three kinds of, [200] ... 86 Buddhi (will) [l43] 62 „ „ Relations of [60]…",0,0.004,False,False,True,False,False,False,False,False,False,True,False,False,manual_section_review,,,,
samkhya_vachaspati_jha_1896_tattva_kaumudi,samkhya,An English Translation with the Sanskrit Text of the Tattva-Kaumudi,samkhya_vachaspati_jha_1896_tattva_kaumudi:section:e50decf023188f9d00c905dc,,,commentary,,1,5,"277 ""Arya” cxplainod",0,0.0,False,False,True,False,False,False,False,False,False,True,False,False,manual_section_review,,,,
samkhya_vachaspati_jha_1896_tattva_kaumudi,samkhya,An English Translation with the Sanskrit Text of the Tattva-Kaumudi,samkhya_vachaspati_jha_1896_tattva_kaumudi:section:e541d2ab4a4de3772f47068a,,,commentary,,1,15,149 Definition of Self-consciousness 66 160 Direct effects of Slelf-conscionsness 66,0,0.0,False,False,True,False,False,False,False,False,False,True,False,False,manual_section_review,,,,
samkhya_vachaspati_jha_1896_tattva_kaumudi,samkhya,An English Translation with the Sanskrit Text of the Tattva-Kaumudi,samkhya_vachaspati_jha_1896_tattva_kaumudi:section:e7766387428d25068470950c,,,commentary,,1,217,• •• ••• 98 240 Threefoldness of the intellectual creation introduced • so ••• 99 247 Six Heavenly Begions KABIKA LV. 99 248 Creation productive of pain 99 249 ImiK)8ition of pleasure and pain on Spirit «*• 100 250 Do. duo to Spirit's non-discrimination KABIKA LVI. • • • • 100 i 251 Question of the Maker of the Universe introduced ... «■• ••• 100 262 Creation due to Nature • t s • ss 101 253 Crea…,0,0.021,False,False,True,False,False,False,False,False,False,True,False,False,manual_section_review,,,,
samkhya_vachaspati_jha_1896_tattva_kaumudi,samkhya,An English Translation with the Sanskrit Text of the Tattva-Kaumudi,samkhya_vachaspati_jha_1896_tattva_kaumudi:section:eb056f6c2d79710f4b6b572d,,,commentary,,1,73,s. 111 Why not accept the atomic theory ? 47 112 Proofs of Nature’s Existence — (1) initial Separation and final re- union of cause and effect 48 113 C^) — Because Evolution is due to Energy 49 114 Objection : These two reasons might rest with Bnddhi. Reply : (3) from Finitcncss 50 115 (4) Because of homogenity 50,0,0.002,False,False,True,False,False,False,False,False,False,True,False,False,manual_section_review,,,,
samkhya_vachaspati_jha_1896_tattva_kaumudi,samkhya,An English Translation with the Sanskrit Text of the Tattva-Kaumudi,samkhya_vachaspati_jha_1896_tattva_kaumudi:section:ee2dbbf539c5fc7d4d6e43dc,,,commentary,,1,41,"189 Astral body unooniined and permanent 190 Objection : Two l>odics unnecessary, — and reply 191 Question: How does the Astral Body migrate? Reply... 192 Astral Body Dissolving at each ^ralaya I",0,0.0,False,False,True,False,False,False,False,False,False,True,False,False,manual_section_review,,,,
samkhya_vachaspati_jha_1896_tattva_kaumudi,samkhya,An English Translation with the Sanskrit Text of the Tattva-Kaumudi,samkhya_vachaspati_jha_1896_tattva_kaumudi:section:ee397f2bdae5328cfdecfc84,,,commentary,,29,5484,"„ JTfTHSS^ ^ »TOF5. ^'» ^rrftqjr «?. ^ qRrftaFT «^. „ ««T8rf3: Jf^- V WJw^f¥^q!f^»n»p.... '^^ IS'* 5t^ftc«r5«^^ftw>?q s'^ f^qqr: «h R«ct a«. istf Pifimf^^qroif ^i#r- Hs -^ss «nft^Tw^ir*r*TT<t’L nfn^TTiRsr^ ... ss ^o* ... «,<» ’los ln»qr^ ... xs’i ci5r«nJiig[ ... s'* ... ^rftwav ?r»n^Bf*i=T5 ... „ Bs?ralt^Bi«rsT5 ... «ii qsrftw a\9.",0,0.006897,True,False,True,False,False,False,False,False,False,True,True,False,manual_section_review,,,,
samkhya_vachaspati_jha_1896_tattva_kaumudi,samkhya,An English Translation with the Sanskrit Text of the Tattva-Kaumudi,samkhya_vachaspati_jha_1896_tattva_kaumudi:section:f12b5aee0c070714da5a5162,,,commentary,,1,19,"204 Error, Disability, Contentment and Perfection ... 205 Fifty Sub-divisions of „ „",0,0.0,False,False,True,False,False,False,False,False,False,True,False,False,manual_section_review,,,,
samkhya_vachaspati_jha_1896_tattva_kaumudi,samkhya,An English Translation with the Sanskrit Text of the Tattva-Kaumudi,samkhya_vachaspati_jha_1896_tattva_kaumudi:section:f9d9cff3a02da998efcb0d8f,,,commentary,,1,20,194 Reason and manner of the migration of the Astral Body 195 Power of the Astral Body due to Nature,0,0.0,False,False,True,False,False,False,False,False,False,True,False,False,manual_section_review,,,,
samkhya_vachaspati_jha_1896_tattva_kaumudi,samkhya,An English Translation with the Sanskrit Text of the Tattva-Kaumudi,samkhya_vachaspati_jha_1896_tattva_kaumudi:section:fdd00ee0df8fead6d05a5e4a,,,commentary,,1,24,179 The importance of the internal organs * KARIKA XXXVI. 180 Predominaiicc of Baddhi * 181 The external organs as affections of Attributes,0,0.0,False,False,True,False,False,False,False,False,False,True,False,False,manual_section_review,,,,
science_herzog_kammer_scharnowski_2016_time_slices,science,Time Slices: What Is the Duration of a Percept?,science_herzog_kammer_scharnowski_2016_time_slices:section:124deaa8d6b18e1755d79704,,,body,,5,1666,"A diver is jumping from a cliff. We see his trajectory against the blue sky at each single moment in time. Consciousness seems to be a continuous stream of ever smoothly changing percepts, and thus it is intuitively appealing to assume that sensory information is continuously translated into conscious perception. However, already in the third century B.C., the Abhidharma Buddhist school proposed…",0,0.0,False,False,True,False,False,False,False,False,False,True,False,False,manual_section_review,,,,
science_herzog_kammer_scharnowski_2016_time_slices,science,Time Slices: What Is the Duration of a Percept?,science_herzog_kammer_scharnowski_2016_time_slices:section:138ee84b37fea4feb18a6c7b,,,body,,4,1264,"The most important implication of our model is that the duration of a conscious percept and the temporal resolution of the visual system are independent issues. Thus, investigating the former does not allow us to draw conclusions regarding the latter. As mentioned, experiments have shown that humans perceive two disks as simultaneous when they are presented within ~40 ms of one another [ 20 ]. Th…",0,0.0,False,False,True,False,False,False,False,False,False,True,False,False,manual_section_review,,,,
science_herzog_kammer_scharnowski_2016_time_slices,science,Time Slices: What Is the Duration of a Percept?,science_herzog_kammer_scharnowski_2016_time_slices:section:144075012817d6dd8505497a,,,body,,4,950,"According to our model, the elements of a visual scene are first unconsciously analyzed. This period can last up to 400 ms and involves, amongst other processes, the analysis of stimulus features such as the orientation or color of elements and temporal features such as object duration and object simultaneity. Just like a color detector “labels” the stimulus shown in the example in Fig 3 as “gree…",0,0.0,False,False,True,False,False,False,False,False,False,True,False,False,manual_section_review,,,,
science_herzog_kammer_scharnowski_2016_time_slices,science,Time Slices: What Is the Duration of a Percept?,science_herzog_kammer_scharnowski_2016_time_slices:section:2c28b7a28a3d97635f7a6cc2,,,abstract,,1,147,"We experience the world as a seamless stream of percepts. However, intriguing illusions and recent experiments suggest that the world is not continuously translated into conscious perception. Instead, perception seems to operate in a discrete manner, just like movies appear continuous although they consist of discrete images. To explain how the temporal resolution of human vision can be fast comp…",0,0.0,False,False,True,False,False,False,False,False,False,True,False,False,manual_section_review,,,,
science_herzog_kammer_scharnowski_2016_time_slices,science,Time Slices: What Is the Duration of a Percept?,science_herzog_kammer_scharnowski_2016_time_slices:section:69a18e738749d6e1f62cacb5,,,body,,1,302,"Why is such a long period of unconscious feature integration needed when our feature detectors can operate much faster? Vision involves complex and ill-posed problems, which can only be solved in a recurrent and time consuming manner [ 45 , 46 ]. This is particularly evident in the case of motion. Take a football game as an example. Twenty-two players are constantly moving around, all following t…",0,0.0,False,False,True,False,False,False,False,False,False,True,False,False,manual_section_review,,,,
science_ionta_gassert_blanke_2011_bodily_self_consciousness,science,Multi-Sensory and Sensorimotor Foundation of Bodily Self-Consciousness: An Interdisciplinary Approach,science_ionta_gassert_blanke_2011_bodily_self_consciousness:section:32f43241cd55aa9a5c9c2213,,,body,,1,393,"Here we have reviewed behavioral (Ehrsson, 2007 ; Lenggenhager et al., 2007 , 2009 ) brain imaging (Arzy et al., 2006 ; Ionta et al., 2011 ) and clinical evidence (Brugger et al., 1997 ; Blanke et al., 2004 ; Blanke and Mohr, 2005 ; De Ridder et al., 2007 ) about three aspects of bodily self-consciousness: self-location, first-person perspective, and self-identification. Clinical findings showed…",0,0.0,False,False,True,False,False,False,False,False,False,True,False,False,manual_section_review,,,,
science_ionta_gassert_blanke_2011_bodily_self_consciousness,science,Multi-Sensory and Sensorimotor Foundation of Bodily Self-Consciousness: An Interdisciplinary Approach,science_ionta_gassert_blanke_2011_bodily_self_consciousness:section:37d4ab2ec96a61939fd014b3,,,body,,6,2288,"The different setups that investigated self-location and first-person perspective by using video projections and visuo-tactile conflicts, showed that it is possible to manipulate some sub-components of bodily self-consciousness (Ehrsson, 2007 ; Lenggenhager et al., 2007 , 2009 ). However, the temporal and spatial correspondence between the visual and the tactile stimulation in these setups was al…",0,0.0,False,False,True,False,False,False,False,False,False,True,False,False,manual_section_review,,,,
science_ionta_gassert_blanke_2011_bodily_self_consciousness,science,Multi-Sensory and Sensorimotor Foundation of Bodily Self-Consciousness: An Interdisciplinary Approach,science_ionta_gassert_blanke_2011_bodily_self_consciousness:section:458c314bb447dcf1c92f3978,,,body,,3,930,"A central aspect of global bodily self-consciousness is the sense of where the self is perceived to be located in space, or “self-location.” This apparently obvious link between the self and the body can be altered and experienced as being non-body centered. Patients suffering from out-of-body experiences (OBEs) of neurological origin experience themselves as located outside their own bodily boun…",0,0.0,False,False,True,False,False,False,False,False,False,True,False,False,manual_section_review,,,,
science_ionta_gassert_blanke_2011_bodily_self_consciousness,science,Multi-Sensory and Sensorimotor Foundation of Bodily Self-Consciousness: An Interdisciplinary Approach,science_ionta_gassert_blanke_2011_bodily_self_consciousness:section:5ec96df02daed2f3ce2fb784,,,body,,2,727,"Some of the most important brain systems of humans are dedicated to the maintenance of the balance between the self and the external environment, by processing and integrating many different bodily sensory inputs (visual, auditory, vestibular, somatosensory, motor, visceral, etc.), and providing an online representation of the body in the world (Damasio, 1999 ; Gallagher, 2005 ; Jeannerod, 2006 ;…",0,0.0,False,False,True,False,False,False,False,False,False,True,False,False,manual_section_review,,,,
science_ionta_gassert_blanke_2011_bodily_self_consciousness,science,Multi-Sensory and Sensorimotor Foundation of Bodily Self-Consciousness: An Interdisciplinary Approach,science_ionta_gassert_blanke_2011_bodily_self_consciousness:section:756b07478ed3afe411fef3ed,,,body,,6,1906,"The nature of abnormal self-location and self-identification during OBEs provides a unique opportunity to investigate self-consciousness, but generalization of results is rendered difficult by several methodological issues (e.g. sample size, lesion homogeneity, different etiologies, and/or phenomenology, and generalization to the normal brain). In order to better control manipulations of self-con…",0,0.0,False,False,True,False,False,False,False,False,False,True,False,False,manual_section_review,,,,
science_ionta_gassert_blanke_2011_bodily_self_consciousness,science,Multi-Sensory and Sensorimotor Foundation of Bodily Self-Consciousness: An Interdisciplinary Approach,science_ionta_gassert_blanke_2011_bodily_self_consciousness:section:bec26b4b5138c42a9076dde9,,,abstract,,1,247,"Scientific investigations on the nature of the self have so far focused on high-level mechanisms. Recent evidence, however, suggests that low-level bottom-up mechanisms of multi-sensory integration play a fundamental role in encoding specific components of bodily self-consciousness, such as self-location and first-person perspective (Blanke and Metzinger, 2009 ). Self-location and first-person pe…",0,0.0,False,False,True,False,False,False,False,False,False,True,False,False,manual_section_review,,,,
science_limanowski_blankenburg_2013_minimal_self_models,science,Minimal Self-Models and the Free Energy Principle,science_limanowski_blankenburg_2013_minimal_self_models:section:0bbe0eac63f088e98eeac8b9,,,abstract,,1,299,"The term “minimal phenomenal selfhood” (MPS) describes the basic, pre-reflective experience of being a self (Blanke and Metzinger, 2009 ). Theoretical accounts of the minimal self have long recognized the importance and the ambivalence of the body as both part of the physical world, and the enabling condition for being in this world (Gallagher, 2005a ; Grafton, 2009 ). A recent account of MPS (Me…",0,0.0,False,False,True,False,False,False,False,False,False,True,False,False,manual_section_review,,,,
science_limanowski_blankenburg_2013_minimal_self_models,science,Minimal Self-Models and the Free Energy Principle,science_limanowski_blankenburg_2013_minimal_self_models:section:19b328b63e46b016bf3dc9f2,,,body,,6,1762,"What lets an organism be a self? Throughout philosophical attempts to understand the enabling conditions of minimal self-awareness (Zahavi, 1999 ), or minimal phenomenal selfhood (MPS) 1 (Blanke and Metzinger, 2009 ), the special status of the body among all other physical things has long been apparent (Merleau-Ponty, 1962 ; Bermúdez et al., 1998 ; Anderson and Perlis, 2005 ; Legrand, 2006 ; Blan…",0,0.0,False,False,True,False,False,False,False,False,False,True,False,False,manual_section_review,,,,
science_limanowski_blankenburg_2013_minimal_self_models,science,Minimal Self-Models and the Free Energy Principle,science_limanowski_blankenburg_2013_minimal_self_models:section:388e79d8389ca520fb0b3957,,,body,,2,765,"The phenomenal experience of “mineness” is a key property of MPS (Metzinger, 2004a ). The idea that the living body is experienced as mine (“owned”) can be traced back to early phenomenologists like Merleau-Ponty or Husserl (see Gallagher, 1986 , 2009 ). It has been claimed that this “self-ownership” (Gallagher, 2000 ) is the most fundamental sense of phenomenal selfhood (Aspell et al., 2009 ; Bl…",0,0.0,False,False,True,False,False,False,False,False,False,True,False,False,manual_section_review,,,,
science_limanowski_blankenburg_2013_minimal_self_models,science,Minimal Self-Models and the Free Energy Principle,science_limanowski_blankenburg_2013_minimal_self_models:section:39767dc68eb6840684983175,,,body,,1,324,"A number of publications have recently put forward the idea that (minimal) selfhood is based on the neurobiological implementation of hierarchical generative models in the brain (Hohwy, 2007 , 2010 ; Seth et al., 2011 ; Fotopoulou, 2012 ; Friston, 2012a , b ; Apps and Tsakiris, 2013 ; Clark, 2013 ). In one sentence, these accounts propose to “understand the elusive sense of minimal self in terms…",0,0.0,False,False,True,False,False,False,False,False,False,True,False,False,manual_section_review,,,,
science_limanowski_blankenburg_2013_minimal_self_models,science,Minimal Self-Models and the Free Energy Principle,science_limanowski_blankenburg_2013_minimal_self_models:section:3f01a95af8a5d02a97b45909,,,body,,4,1511,"In accordance with the FEP, the phenomenal self-model (PSM) theory views selves as processes, not objects. Accordingly, the self is perceived because systems with a PSM constantly assume, or model, their own existence as a coherent entity (Metzinger, 2004a ; Blanke and Metzinger, 2009 ). However, to assume that there is a perceiver is a fallacy (“no such things as selves exist in the world”, Metz…",0,0.0,False,False,True,False,False,False,False,False,False,True,False,False,manual_section_review,,,,
science_limanowski_blankenburg_2013_minimal_self_models,science,Minimal Self-Models and the Free Energy Principle,science_limanowski_blankenburg_2013_minimal_self_models:section:72c6de15f07a595f3c4fdd6f,,,body,,1,442,"In this review, we have summarized proposals from different authors, all emphasizing the concept of hierarchical generative models to explain processes underlying the bodily foundations of MPS, including its fundamental constituents such as multisensory integration, the sense of agency, the experience of mineness, perspectivity, and its phenomenal transparency. We have reviewed these free energy…",0,0.0,False,False,True,False,False,False,False,False,False,True,False,False,manual_section_review,,,,
science_limanowski_blankenburg_2013_minimal_self_models,science,Minimal Self-Models and the Free Energy Principle,science_limanowski_blankenburg_2013_minimal_self_models:section:8e313c8b93004908d51e6ed3,,,body,,5,1483,"In opposition to the 1PP, the third-person perspective (3PP) is the perspective of the observer, i.e., the perspective that is taken when states are ascribed to someone else (Vogeley and Fink, 2003 ; Blanke and Metzinger, 2009 ; Fuchs, 2012 ). This form of perspective taking is of essential importance, for how we make sense of ourselves in a social environment depends on the representation of, an…",0,0.0,False,False,True,False,False,False,False,False,False,True,False,False,manual_section_review,,,,
science_limanowski_blankenburg_2013_minimal_self_models,science,Minimal Self-Models and the Free Energy Principle,science_limanowski_blankenburg_2013_minimal_self_models:section:b54b71ed0757a13980db8f6d,,,body,,9,2673,"A very important implication of the free energy framework is that sensory information is processed probabilistically, and thus it follows that the representation of the self is also probabilistic (Friston, 2011 ). This conceptualization fits comfortably with Metzinger’s ( 2004b ) theory, where the content of the self-model is probabilistic, i.e., it is “simply the best hypothesis about the curren…",0,0.0,False,False,True,False,False,False,False,False,False,True,False,False,manual_section_review,,,,
science_limanowski_blankenburg_2013_minimal_self_models,science,Minimal Self-Models and the Free Energy Principle,science_limanowski_blankenburg_2013_minimal_self_models:section:b6fae8d4ad2ecd1e4c59fd0c,,,body,,2,620,"A special case of information that the self-model receives is input from interoceptive senses: within the world-model, the (own) body is special among all physical objects in that it constantly receives a “background buzz” of somatosensory input, including input from somato-visceral and mechanoreceptors, and higher-level feeling states (Metzinger, 2004a , 2005 ; see Friston, 2011 ). Acknowledging…",0,0.0,False,False,True,False,False,False,False,False,False,True,False,False,manual_section_review,,,,
science_limanowski_blankenburg_2013_minimal_self_models,science,Minimal Self-Models and the Free Energy Principle,science_limanowski_blankenburg_2013_minimal_self_models:section:baa0a39ca5ebcc8546cc436f,,,body,,3,866,"Agency as a “sense of initiative” (Edelman, 2008 ) has been emphasized as a key component of MPS (Gallagher, 2000 ; Metzinger, 2004a ; Frith, 2007 ). Distinguishing between self-initiated actions and actions of other organisms is crucial for being a self. The importance of the motor system in the brain’s ontology (interpretation) of the world (Gallese and Metzinger, 2003 ) has been promoted by fo…",0,0.0,False,False,True,False,False,False,False,False,False,True,False,False,manual_section_review,,,,
science_petkova_ehrsson_2008_body_swapping,science,If I Were You: Perceptual Illusion of Body Swapping,science_petkova_ehrsson_2008_body_swapping:section:08980b5ecad7d49799b91f67,,,body,,2,500,"The aim of the first experiment was to demonstrate that it is possible to elicit the illusion of ownership of an entire body. The experimental manipulation consisted of seeing a body other than oneself from the first person perspective whilst being subjected to synchronised visual and tactile stimulation. We used a life-sized mannequin, rather than another person's body, to exclude mismatches bet…",0,0.0,False,False,True,False,False,False,False,False,False,True,False,False,manual_section_review,,,,
science_petkova_ehrsson_2008_body_swapping,science,If I Were You: Perceptual Illusion of Body Swapping,science_petkova_ehrsson_2008_body_swapping:section:3d506d2b3abf52b796273a21,,,body,,1,142,"The skin conductance responses were recorded with a Biopac System MP150 (Goleta, USA). Two electrodes were attached to the index and middle fingers of the participants' left hands using Signa electrode gel (Parker Laboratories, INC., New Jersey, USA). The data were registered with a Biopac System MP150 (100 samples per second) and processed with the Biopac software Acqknowledge for Windows ACK100…",0,0.0,False,False,True,False,False,False,False,False,False,True,False,False,manual_section_review,,,,
science_petkova_ehrsson_2008_body_swapping,science,If I Were You: Perceptual Illusion of Body Swapping,science_petkova_ehrsson_2008_body_swapping:section:3de40e296524ff80ce6efcd9,,,body,,3,783,"We all experience our body to be part of ourselves. The question of how this comes about has been discussed by philosophers and psychologists for centuries [1] , [2] , [3] , [4] . Recent advances in experimental science have made it possible for cognitive neuroscientists to begin to investigate how we perceive our body as an object distinct from the external world [2] , [5] , [6] , [7] , [8] . Ha…",0,0.0,False,False,True,False,False,False,False,False,False,True,False,False,manual_section_review,,,,
science_petkova_ehrsson_2008_body_swapping,science,If I Were You: Perceptual Illusion of Body Swapping,science_petkova_ehrsson_2008_body_swapping:section:47348044d7f3a5db4221fe34,,,body,,1,374,"To provide objective evidence for the illusion of owning a body, we threatened the mannequin and measured the evoked skin conductance response (SCR) as an objective measure of anxiety. This test has been used before to provide physiological evidence of body illusions [24] , [25] , and there is a direct relationship between the degree of anxiety evoked by threatening an artificial body part and th…",0,0.0,False,False,True,False,False,False,False,False,False,True,False,False,manual_section_review,,,,
science_petkova_ehrsson_2008_body_swapping,science,If I Were You: Perceptual Illusion of Body Swapping,science_petkova_ehrsson_2008_body_swapping:section:5fb185e111ebba1d2d1b32f3,,,body,,2,414,"We also conducted an experiment to examine our prediction that the body would need to look like a human to be experienced as one's own. Pilot experiments suggested that the illusion did not work with objects that do not resemble a human body, such as boxes, chairs and tables. Thus we conducted an experiment where we applied threats to the mannequin or to a rectangular object of the same size, aft…",0,0.0,False,False,True,False,False,False,False,False,False,True,False,False,manual_section_review,,,,
science_petkova_ehrsson_2008_body_swapping,science,If I Were You: Perceptual Illusion of Body Swapping,science_petkova_ehrsson_2008_body_swapping:section:6cc306a779c3c56c6c377b61,,,body,,1,156,"For each of the five experiments, we recruited separate groups of naïve healthy volunteers. In the first experiment, we tested thirty-two young adults (sixteen females, mean age 25±6 years). The second experiment involved ten individuals (two females, mean age 25±4 years), the third one consisted of a group of thirteen participants (eight females, mean age 27±6.5 years), and the fourth one was an…",0,0.0,False,False,True,False,False,False,False,False,False,True,False,False,manual_section_review,,,,
science_petkova_ehrsson_2008_body_swapping,science,If I Were You: Perceptual Illusion of Body Swapping,science_petkova_ehrsson_2008_body_swapping:section:71159943888aaa3d1057de0d,,,body,,7,2087,"The results of our experiments demonstrate that healthy volunteers can perceive another person's body, or an artificial humanoid body, to be their own. This works both when the participant does not move and when he or she is executing voluntary movements. The critical conditions for eliciting this perceptual illusion are: (i) a continuous match between visual and somatosensory information about t…",0,0.0,False,False,True,False,False,False,False,False,False,True,False,False,manual_section_review,,,,
science_petkova_ehrsson_2008_body_swapping,science,If I Were You: Perceptual Illusion of Body Swapping,science_petkova_ehrsson_2008_body_swapping:section:790cea61bb557c274da4b60c,,,abstract,,1,165,"The concept of an individual swapping his or her body with that of another person has captured the imagination of writers and artists for decades. Although this topic has not been the subject of investigation in science, it exemplifies the fundamental question of why we have an ongoing experience of being located inside our bodies. Here we report a perceptual illusion of body-swapping that addres…",0,0.0,False,False,True,False,False,False,False,False,False,True,False,False,manual_section_review,,,,
science_petkova_ehrsson_2008_body_swapping,science,If I Were You: Perceptual Illusion of Body Swapping,science_petkova_ehrsson_2008_body_swapping:section:88f5e8bc80159f7f305e8073,,,body,,5,1255,"In a full-blown body-swap experience one would expect to be able to perceive being localized in another human's body during the performance of everyday actions. Furthermore, if this is a genuine perceptual illusion, it should be cognitively impregnable, and thus not break down even if one sees one's own body. The next experiment was designed to address these issues and to put the idea of illusory…",0,0.0,False,False,True,False,False,False,False,False,False,True,False,False,manual_section_review,,,,
science_petkova_ehrsson_2008_body_swapping,science,If I Were You: Perceptual Illusion of Body Swapping,science_petkova_ehrsson_2008_body_swapping:section:a1f3fc9d7ff46b45a585dd4b,,,body,,1,233,"The body-swap illusions worked well even though the mannequin or the other person looked different from the participant. In the first experiment there was no significant difference in rating scores between male and female subjects in the synchronous illusion condition, despite the fact that we only used a male mannequin (N = 32, p = .613, F(1,223) = .257, ANOVA) ( Figure 8 ). Similarly, in the se…",0,0.0,False,False,True,False,False,False,False,False,False,True,False,False,manual_section_review,,,,
science_petkova_ehrsson_2008_body_swapping,science,If I Were You: Perceptual Illusion of Body Swapping,science_petkova_ehrsson_2008_body_swapping:section:c35cb13976cbc40d909e4aa5,,,body,,1,428,"Each time that the knife or spoon was slid along the mannequin's abdomen (experiments 2, 3 and 4) or the knife moved above the wrists (experiment 5) took approximately 3 seconds. The motion was performed so that the knife and the spoon were always moved along the horizontal axis from left to right in the field of view of the HMDs. During the movement the object was inserted slightly into the mann…",0,0.0,False,False,True,False,False,False,False,False,False,True,False,False,manual_section_review,,,,
science_petkova_ehrsson_2008_body_swapping,science,If I Were You: Perceptual Illusion of Body Swapping,science_petkova_ehrsson_2008_body_swapping:section:cc8ec24e80fb0853aef93150,,,body,,2,334,"In an additional control experiment we ruled out the possibility that the threat-evoked anxiety responses were limited to the particular body part that had been stimulated (i.e. the abdomen). To this end, we compared the magnitude of the SCR evoked by threats towards the abdomen after periods of synchronous or asynchronous visual and tactile stimulation of either the hands or the abdomen. The key…",0,0.0,False,False,True,False,False,False,False,False,False,True,False,False,manual_section_review,,,,
science_petkova_ehrsson_2008_body_swapping,science,If I Were You: Perceptual Illusion of Body Swapping,science_petkova_ehrsson_2008_body_swapping:section:cf42b65a823c5b1f3b25e43e,,,body,,1,181,"In all experiments, participants wore a set of head-mounted displays, HMD, (Cybermind Visette Pro PAL, Cybermind Interactive, Maastricht, the Netherlands; Display Resolution = 640×480; true stereoscopic vision) with a wide field-of-view (diagonal field of view = 71.5°). These were connected to two synchronized colour CCTV cameras (Protos IV, Vista, Wokingham, Berkshire, UK) attached side-by-side…",0,0.0,False,False,True,False,False,False,False,False,False,True,False,False,manual_section_review,,,,
science_petkova_ehrsson_2008_body_swapping,science,If I Were You: Perceptual Illusion of Body Swapping,science_petkova_ehrsson_2008_body_swapping:section:f2bf066b520ae653648a6013,,,body,,2,685,"In experiments 2 to 5 we used the following experimental designs: Experiment #2 consisted of three sessions, each of which consisted of four one minute long periods of synchronous or asynchronous stroking (each stroke was approximately 3 cm long; about 60 strokes were applied per minute). At the end of each period, the mannequin was threatened either with a knife or with a spoon. The order of the…",0,0.0,False,False,True,False,False,False,False,False,False,True,False,False,manual_section_review,,,,
